Application_mode,Course,Daytime_evening_attendance,Previous_qualification_grade,Admission_grade,Displaced,Debtor,Tuition_fees_up_to_date,Gender,Scholarship_holder,Age_at_enrollment,Curricular_units_1st_sem_enrolled,Curricular_units_1st_sem_evaluations,Curricular_units_1st_sem_approved,Curricular_units_1st_sem_grade,Curricular_units_2nd_sem_credited,Curricular_units_2nd_sem_enrolled,Curricular_units_2nd_sem_evaluations,Curricular_units_2nd_sem_approved,Curricular_units_2nd_sem_grade,Curricular_units_2nd_sem_without_evaluations,Unemployment_rate,Inflation_rate,GDP,Status
18,9238,1,137.0,137.4,1,0,1,0,0,18,6,10,1,12.0,0,6,14,2,11.0,0,10.8,1.4,1.74,Enrolled
1,9853,1,140.0,124.6,1,0,1,0,0,18,7,7,6,11.666666666666666,0,7,8,6,13.5,0,16.2,0.3,-0.92,Enrolled
18,9556,1,127.0,121.8,1,0,1,0,0,20,7,14,7,11.4375,0,8,9,8,11.425,0,12.7,3.7,-1.7,Enrolled
1,9238,1,151.0,157.0,1,1,1,0,1,18,6,8,5,11.6,0,6,12,4,11.0,0,7.6,2.6,0.32,Enrolled
1,9085,1,138.0,131.0,1,0,1,0,0,18,5,9,5,12.666666666666666,0,5,7,4,13.0,0,9.4,-0.8,-3.12,Enrolled
17,9500,1,127.0,118.8,1,0,1,1,0,19,7,9,6,12.933333333333332,0,7,7,6,13.716666666666669,0,16.2,0.3,-0.92,Enrolled
44,9003,1,150.0,150.0,0,0,1,1,0,21,6,15,5,11.857142857142858,0,6,17,5,10.571428571428571,0,16.2,0.3,-0.92,Enrolled
1,9147,1,143.0,138.8,0,0,0,1,0,18,5,9,3,11.333333333333334,0,5,8,2,13.5,0,8.9,1.4,3.51,Enrolled
17,9991,0,154.0,134.1,0,0,1,0,0,24,5,9,2,11.5,0,5,11,3,14.333333333333334,1,7.6,2.6,0.32,Enrolled
1,9500,1,139.0,121.3,1,0,1,0,1,19,8,10,6,11.833333333333334,0,8,10,6,11.833333333333334,0,9.4,-0.8,-3.12,Enrolled
1,9773,1,127.0,121.8,1,0,1,0,1,20,6,11,4,14.0,0,6,12,3,11.0,0,9.4,-0.8,-3.12,Enrolled
1,171,1,125.0,115.2,1,0,1,0,0,18,0,0,0,0.0,0,0,0,0,0.0,0,7.6,2.6,0.32,Enrolled
17,171,1,133.0,126.0,1,0,1,1,1,19,0,0,0,0.0,0,0,0,0,0.0,0,10.8,1.4,1.74,Enrolled
17,9070,1,127.0,130.2,1,0,1,1,0,19,6,6,5,11.4,0,6,8,1,10.0,0,10.8,1.4,1.74,Enrolled
43,9070,1,116.0,120.9,0,0,1,1,0,24,6,6,0,0.0,0,6,6,0,0.0,0,12.7,3.7,-1.7,Enrolled
39,9254,1,160.0,100.0,0,0,1,1,0,26,6,7,6,12.0,0,6,8,5,10.8,0,12.7,3.7,-1.7,Enrolled
17,9147,1,148.0,134.0,0,0,1,1,0,18,5,9,0,0.0,0,5,5,0,0.0,0,7.6,2.6,0.32,Enrolled
17,9254,1,120.0,125.5,0,0,1,1,0,18,5,6,5,12.0,0,5,8,3,11.333333333333334,0,12.7,3.7,-1.7,Enrolled
1,9147,1,143.0,128.7,1,0,1,1,0,23,5,6,4,14.0,0,5,5,5,13.8,0,11.1,0.6,2.02,Enrolled
43,9119,1,115.0,112.2,1,1,1,1,0,18,5,9,2,10.0,0,5,9,0,0.0,0,15.5,2.8,-4.06,Enrolled
15,9119,1,130.0,137.0,1,0,1,1,0,19,5,9,5,14.0,0,5,11,3,13.25,0,13.9,-0.3,0.79,Enrolled
1,9085,1,135.0,134.3,1,0,1,0,0,19,5,7,5,14.2,0,5,7,5,13.8,0,12.7,3.7,-1.7,Enrolled
17,9853,1,133.1,107.0,1,0,1,0,0,20,7,12,6,11.666666666666666,0,7,10,3,13.0,0,16.2,0.3,-0.92,Enrolled
17,9147,1,123.0,115.3,1,0,1,0,1,18,5,9,3,13.0,0,5,11,3,11.0,0,8.9,1.4,3.51,Enrolled
43,9500,1,130.0,100.0,0,0,1,0,0,20,7,11,6,11.616666666666667,0,7,7,7,13.0,0,13.9,-0.3,0.79,Enrolled
17,9238,1,154.0,140.4,1,0,1,0,1,20,6,13,2,10.0,0,6,12,4,10.75,0,7.6,2.6,0.32,Enrolled
17,9147,1,120.0,113.4,0,0,1,0,0,20,5,11,3,10.333333333333334,0,5,10,3,10.666666666666666,0,12.4,0.5,1.79,Enrolled
1,9853,1,146.0,145.3,1,0,1,0,1,18,6,8,5,12.8,0,6,7,5,13.4,0,9.4,-0.8,-3.12,Enrolled
1,9500,1,117.0,112.1,0,0,1,0,1,20,7,9,5,13.188,0,8,9,7,12.892857142857142,0,11.1,0.6,2.02,Enrolled
51,9147,1,99.0,99.7,1,1,0,0,0,22,5,8,0,0.0,0,5,7,0,0.0,0,8.9,1.4,3.51,Enrolled
1,171,1,136.0,121.7,1,0,1,0,0,18,0,0,0,0.0,0,0,0,0,0.0,0,9.4,-0.8,-3.12,Enrolled
17,9853,1,138.0,124.7,1,0,1,0,0,18,6,11,3,12.333333333333334,0,6,10,5,10.833333333333334,0,9.4,-0.8,-3.12,Enrolled
39,9003,1,170.0,170.0,0,1,1,0,0,47,1,1,0,0.0,0,6,0,0,0.0,0,8.9,1.4,3.51,Enrolled
39,9085,1,130.0,130.0,1,0,1,0,0,28,5,13,4,11.25,0,5,11,4,10.5,0,12.7,3.7,-1.7,Enrolled
1,9670,1,131.0,123.0,1,0,1,0,1,18,5,6,3,11.666666666666666,0,5,6,4,13.5,0,7.6,2.6,0.32,Enrolled
44,9991,0,140.0,140.0,0,0,1,0,1,26,6,7,6,12.666666666666666,2,6,7,6,13.166666666666666,1,9.4,-0.8,-3.12,Enrolled
43,9238,1,143.0,126.6,0,1,0,0,0,21,10,18,8,11.5,0,6,12,4,10.0,0,9.4,-0.8,-3.12,Enrolled
1,8014,0,120.0,122.8,0,0,1,0,0,23,6,13,2,10.0,0,5,12,1,10.0,0,9.4,-0.8,-3.12,Enrolled
39,9500,1,120.0,105.9,0,0,1,0,0,35,3,4,3,11.816666666666668,0,3,3,3,11.333333333333334,0,11.1,0.6,2.02,Enrolled
39,9556,1,130.0,145.0,0,0,1,0,0,25,7,10,6,12.125,0,8,9,8,13.3125,0,15.5,2.8,-4.06,Enrolled
1,9500,1,125.0,119.4,1,0,1,0,0,19,7,10,6,12.471428571428572,0,7,8,7,11.4625,0,12.4,0.5,1.79,Enrolled
16,171,1,145.0,155.0,1,0,1,0,0,24,17,19,11,12.909090909090908,9,13,15,9,13.555555555555555,0,12.4,0.5,1.79,Enrolled
1,9070,1,125.0,125.4,1,0,1,0,0,19,6,7,5,12.4,0,6,6,5,12.4,0,9.4,-0.8,-3.12,Enrolled
1,9773,1,127.0,123.2,1,0,1,0,0,18,6,12,1,11.0,0,6,12,0,0.0,0,9.4,-0.8,-3.12,Enrolled
17,9070,1,116.0,110.8,0,0,1,0,0,18,6,6,6,11.833333333333334,0,6,6,6,12.5,0,7.6,2.6,0.32,Enrolled
1,9500,1,143.0,142.3,0,0,1,0,1,18,7,7,7,13.79714285714286,0,8,8,8,13.775,0,12.4,0.5,1.79,Enrolled
17,9070,1,123.0,113.9,0,0,1,0,0,18,6,8,6,12.5,0,6,6,6,12.333333333333334,0,15.5,2.8,-4.06,Enrolled
44,9003,1,140.0,140.0,0,0,1,0,0,24,6,10,6,11.428571428571429,0,6,12,5,13.0,0,12.4,0.5,1.79,Enrolled
1,9670,1,119.0,115.5,1,0,1,0,0,19,6,8,4,11.0,0,6,9,4,11.0,0,10.8,1.4,1.74,Enrolled
17,9500,1,160.0,147.8,0,0,1,0,0,20,7,11,6,11.757142857142856,0,8,12,6,13.083333333333334,0,15.5,2.8,-4.06,Enrolled
5,9085,1,141.0,128.8,1,0,1,0,0,19,5,9,3,10.333333333333334,0,5,8,3,13.0,0,7.6,2.6,0.32,Enrolled
1,9853,1,132.0,125.0,1,0,1,0,0,18,6,9,5,12.6,0,6,8,5,11.4,0,9.4,-0.8,-3.12,Enrolled
1,9085,1,135.0,136.8,1,0,1,0,0,18,5,11,5,14.0,0,5,7,5,11.6,0,9.4,-0.8,-3.12,Enrolled
1,9853,1,123.0,121.6,1,0,1,0,0,18,7,12,5,12.0,0,7,9,6,12.666666666666666,0,11.1,0.6,2.02,Enrolled
1,9085,1,129.0,125.9,1,0,1,0,0,19,5,13,4,12.0,0,5,8,3,12.0,0,9.4,-0.8,-3.12,Enrolled
42,9147,1,130.0,130.0,1,0,1,0,0,26,5,5,4,13.0,1,5,7,2,12.0,0,9.4,-0.8,-3.12,Enrolled
43,9238,1,110.0,110.0,0,0,1,0,0,36,16,24,13,10.692307692307692,9,13,19,9,12.307692307692308,0,15.5,2.8,-4.06,Enrolled
1,8014,0,96.0,100.0,0,0,1,0,0,20,6,10,5,12.0,0,6,9,4,11.25,0,9.4,-0.8,-3.12,Enrolled
39,9003,1,133.1,130.0,0,1,1,0,1,30,6,6,0,0.0,0,6,6,0,0.0,0,11.1,0.6,2.02,Enrolled
17,9147,1,112.0,112.0,1,0,1,0,0,20,5,10,3,10.333333333333334,0,5,9,4,11.0,2,16.2,0.3,-0.92,Enrolled
1,9500,1,136.0,133.0,1,0,1,0,0,19,7,8,5,13.98,0,7,8,5,13.98,0,7.6,2.6,0.32,Enrolled
17,9085,1,134.0,131.2,0,0,1,0,0,19,5,8,1,11.0,0,5,6,5,11.2,0,7.6,2.6,0.32,Enrolled
39,9991,0,130.0,148.0,0,0,1,0,1,31,5,11,4,11.25,0,5,10,4,10.833333333333334,0,13.9,-0.3,0.79,Enrolled
51,8014,0,133.1,104.0,0,1,1,0,0,42,11,14,10,11.9,5,11,14,10,12.8,0,11.1,0.6,2.02,Enrolled
17,9853,1,125.0,116.6,1,0,0,0,1,18,7,7,7,12.285714285714286,0,7,8,6,13.333333333333334,0,8.9,1.4,3.51,Enrolled
44,9085,1,140.0,140.0,1,0,1,0,0,21,6,16,5,12.666666666666666,1,6,15,2,13.5,0,16.2,0.3,-0.92,Enrolled
43,9500,1,170.0,100.0,0,0,1,0,0,20,7,8,6,13.25,0,8,8,8,13.75,0,13.9,-0.3,0.79,Enrolled
1,9238,1,135.0,121.0,0,0,1,0,0,19,6,13,3,10.333333333333334,0,6,12,3,10.333333333333334,0,7.6,2.6,0.32,Enrolled
17,9853,1,134.0,122.5,1,0,1,0,0,22,6,10,5,13.166666666666666,0,6,8,5,12.4,0,15.5,2.8,-4.06,Enrolled
44,9085,1,140.0,140.0,1,0,1,0,0,21,6,11,4,12.75,0,6,19,1,11.0,0,12.4,0.5,1.79,Enrolled
39,9500,1,150.0,140.0,0,0,1,0,0,26,7,11,5,11.2,0,8,13,5,12.14,0,16.2,0.3,-0.92,Enrolled
17,9070,1,125.0,128.9,0,0,1,0,1,18,6,9,5,11.6,0,6,8,4,11.2,0,8.9,1.4,3.51,Enrolled
17,9254,1,136.0,121.7,1,0,1,0,0,20,6,13,3,10.333333333333334,0,6,12,3,10.333333333333334,0,10.8,1.4,1.74,Enrolled
1,9773,1,120.0,114.8,1,0,1,0,0,19,6,11,4,12.25,0,6,11,3,11.0,0,7.6,2.6,0.32,Enrolled
1,9254,1,128.0,127.0,0,0,1,0,0,19,6,6,6,12.0,0,6,7,4,12.75,0,12.4,0.5,1.79,Enrolled
17,9147,1,116.0,112.2,1,0,1,0,0,20,5,8,3,11.333333333333334,0,5,12,2,10.666666666666666,0,10.8,1.4,1.74,Enrolled
17,9254,1,122.0,118.2,0,0,1,0,1,20,6,10,4,11.25,0,6,6,6,10.5,0,12.4,0.5,1.79,Enrolled
43,9556,1,147.0,100.0,0,0,1,0,0,18,2,2,0,0.0,0,4,4,1,16.0,0,10.8,1.4,1.74,Enrolled
43,9130,1,127.0,120.7,1,1,1,0,0,18,5,11,1,12.0,0,5,9,3,12.0,0,12.7,3.7,-1.7,Enrolled
1,9254,1,122.0,114.3,1,0,1,0,1,20,6,8,5,12.8,0,6,9,5,12.8,0,12.4,0.5,1.79,Enrolled
1,9147,1,131.0,132.4,1,0,1,0,0,19,5,5,5,11.8,0,5,8,4,11.25,0,9.4,-0.8,-3.12,Enrolled
17,9238,1,148.0,129.8,0,0,1,0,0,20,6,11,5,10.6,0,6,11,4,10.4,0,15.5,2.8,-4.06,Enrolled
1,9853,1,133.0,131.3,1,0,1,0,0,20,6,9,5,14.333333333333334,4,8,8,8,12.625,0,15.5,2.8,-4.06,Enrolled
17,9238,1,128.0,118.6,1,0,1,0,1,21,6,8,5,13.2,0,6,7,5,11.8,0,8.9,1.4,3.51,Enrolled
44,9085,1,140.0,140.0,0,0,1,0,0,20,6,9,6,12.666666666666666,1,6,12,2,13.0,0,13.9,-0.3,0.79,Enrolled
1,9085,1,101.0,101.0,1,1,1,0,0,22,6,9,5,13.333333333333334,0,6,17,4,11.4,0,12.4,0.5,1.79,Enrolled
1,9853,1,126.0,116.9,1,0,1,0,0,18,7,10,6,10.666666666666666,0,7,12,6,12.833333333333334,0,13.9,-0.3,0.79,Enrolled
17,9085,1,134.0,120.4,1,0,1,0,0,20,5,13,3,11.333333333333334,0,5,8,5,12.6,0,9.4,-0.8,-3.12,Enrolled
1,9070,1,125.0,132.0,0,0,0,0,0,18,6,10,5,12.2,0,6,11,4,10.833333333333334,0,13.9,-0.3,0.79,Enrolled
39,9500,1,133.1,143.7,0,0,1,0,0,27,7,12,4,14.0,0,7,14,3,12.525,0,12.4,0.5,1.79,Enrolled
39,33,1,140.0,152.8,0,0,1,0,0,26,7,9,7,14.75,0,7,12,5,13.8,3,16.2,0.3,-0.92,Enrolled
1,9070,1,121.0,120.7,1,0,1,0,0,18,6,8,4,10.75,0,6,9,0,0.0,0,9.4,-0.8,-3.12,Enrolled
39,9119,1,133.1,100.9,1,0,1,1,0,24,5,9,1,12.0,0,5,6,3,10.5,0,10.8,1.4,1.74,Enrolled
17,9147,1,126.0,116.9,0,0,1,1,1,19,5,12,3,11.666666666666666,0,5,10,3,11.666666666666666,0,12.7,3.7,-1.7,Enrolled
1,9147,1,117.0,118.4,0,0,1,1,0,20,5,8,5,10.0,0,5,10,2,12.0,0,7.6,2.6,0.32,Enrolled
17,9119,1,127.0,121.1,1,0,1,1,1,18,5,6,5,13.2,0,5,8,5,12.6,0,8.9,1.4,3.51,Enrolled
1,9147,1,133.0,121.8,0,0,1,1,0,20,5,9,4,10.2,0,5,6,3,11.0,0,15.5,2.8,-4.06,Enrolled
39,9119,1,120.0,146.8,0,0,1,1,0,25,5,6,5,14.2,1,5,5,2,13.5,0,16.2,0.3,-0.92,Enrolled
1,9670,1,133.1,138.0,0,1,1,1,0,22,6,8,6,12.625,0,6,11,2,14.5,0,11.1,0.6,2.02,Enrolled
1,9500,1,149.0,138.0,0,0,1,1,0,18,8,11,6,13.496666666666668,0,8,11,6,13.496666666666668,1,9.4,-0.8,-3.12,Enrolled
17,9147,1,130.0,117.8,1,0,1,1,0,20,5,8,3,11.0,0,5,11,3,12.0,0,10.8,1.4,1.74,Enrolled
44,9254,1,130.0,130.0,1,1,1,1,0,23,6,12,3,11.5,0,6,12,3,10.666666666666666,0,8.9,1.4,3.51,Enrolled
1,9130,1,132.0,143.9,1,0,1,1,0,20,5,14,2,11.0,0,5,9,3,12.666666666666666,0,9.4,-0.8,-3.12,Enrolled
1,9147,1,121.0,116.8,0,0,1,1,0,20,5,14,3,12.4,0,5,8,5,10.833333333333334,0,13.9,-0.3,0.79,Enrolled
39,9991,0,172.0,150.0,1,0,1,0,1,28,5,7,5,10.6,0,5,6,5,10.2,0,9.4,-0.8,-3.12,Enrolled
17,9670,1,141.0,128.8,1,0,1,0,0,19,6,6,6,14.833333333333334,0,6,8,6,13.285714285714286,0,8.9,1.4,3.51,Enrolled
1,9500,1,133.0,126.7,0,0,1,0,0,19,7,12,4,12.45,0,7,11,5,11.7,0,16.2,0.3,-0.92,Enrolled
17,9670,1,155.0,134.7,1,0,1,0,0,20,6,8,5,13.4,0,6,10,4,13.0,0,12.7,3.7,-1.7,Enrolled
17,9003,1,119.0,113.2,0,1,1,0,0,20,6,8,6,13.333333333333334,0,6,8,5,14.0,0,11.1,0.6,2.02,Enrolled
43,9500,1,126.0,124.3,1,0,1,0,1,18,7,8,5,11.98,0,7,8,5,11.98,0,7.6,2.6,0.32,Enrolled
17,9147,1,118.0,118.0,0,0,1,0,0,20,5,11,4,11.0,0,5,7,5,13.2,0,12.4,0.5,1.79,Enrolled
44,9085,1,140.0,140.0,1,0,1,0,0,19,6,10,5,12.666666666666666,0,6,19,4,11.75,0,12.4,0.5,1.79,Enrolled
1,9853,1,117.0,109.7,1,0,1,0,0,19,6,9,5,12.2,0,6,10,4,13.0,0,9.4,-0.8,-3.12,Enrolled
39,9991,0,120.0,123.2,0,0,1,0,0,27,5,9,3,10.666666666666666,0,5,7,4,11.4,0,10.8,1.4,1.74,Enrolled
1,9147,1,128.0,116.5,0,0,1,0,0,18,5,9,3,11.666666666666666,0,5,15,2,11.0,0,7.6,2.6,0.32,Enrolled
1,9147,1,129.0,121.0,1,0,1,0,0,18,5,8,2,10.5,0,5,7,3,12.333333333333334,0,7.6,2.6,0.32,Enrolled
1,9500,1,143.0,133.8,1,0,1,0,0,18,8,8,8,14.26875,0,8,8,8,14.26875,0,9.4,-0.8,-3.12,Enrolled
1,9147,1,130.0,131.8,1,0,1,0,1,19,5,8,2,10.5,0,5,11,3,13.333333333333334,0,7.6,2.6,0.32,Enrolled
1,9238,1,135.0,121.0,0,0,1,0,0,21,6,11,5,11.2,0,6,15,1,10.0,0,7.6,2.6,0.32,Enrolled
53,9085,1,140.0,143.3,1,0,0,0,0,23,12,19,9,13.666666666666666,4,9,15,6,13.5,0,8.9,1.4,3.51,Enrolled
1,9238,1,125.0,114.9,1,1,1,0,1,19,6,9,5,11.4,0,6,9,3,10.0,0,8.9,1.4,3.51,Enrolled
1,9238,1,135.0,121.0,0,1,1,0,0,18,6,10,5,10.6,0,6,14,2,10.0,0,7.6,2.6,0.32,Enrolled
1,9500,1,117.0,117.4,1,0,1,0,0,19,7,12,5,11.8,0,7,9,6,11.708333333333334,0,11.1,0.6,2.02,Enrolled
1,9853,1,133.0,126.7,1,0,1,0,0,18,6,9,5,11.833333333333334,0,6,6,4,12.0,0,15.5,2.8,-4.06,Enrolled
1,9254,1,140.0,130.0,0,0,1,1,0,21,6,8,6,12.571428571428571,0,6,10,4,13.0,0,12.7,3.7,-1.7,Enrolled
1,9254,1,154.0,137.2,0,0,1,1,0,20,6,12,3,10.0,0,6,9,5,10.8,0,15.5,2.8,-4.06,Enrolled
44,9085,1,130.0,130.0,0,0,0,1,0,20,6,10,5,13.2,1,6,21,3,12.0,0,12.4,0.5,1.79,Enrolled
42,9991,0,123.0,123.0,0,0,1,1,0,37,5,10,5,15.8,0,5,5,5,17.6,0,9.4,-0.8,-3.12,Enrolled
43,9670,1,142.0,138.5,1,0,1,1,0,18,6,16,5,13.8,0,6,7,5,12.4,0,13.9,-0.3,0.79,Enrolled
1,9254,1,115.0,113.6,0,0,1,1,0,23,6,10,6,13.0,0,6,9,6,12.0,0,11.1,0.6,2.02,Enrolled
43,9670,1,141.0,133.3,1,0,1,1,0,18,6,13,4,13.75,0,6,8,5,11.2,0,13.9,-0.3,0.79,Enrolled
43,9773,1,140.0,116.9,0,0,1,1,0,32,11,15,7,11.285714285714286,5,7,10,6,12.333333333333334,0,13.9,-0.3,0.79,Enrolled
1,171,1,137.0,146.5,1,1,1,1,0,19,12,13,11,12.0,4,11,15,10,11.181818181818182,0,8.9,1.4,3.51,Enrolled
5,171,1,137.0,144.7,1,0,1,1,0,20,0,0,0,0.0,0,0,0,0,0.0,0,16.2,0.3,-0.92,Enrolled
15,9147,1,133.1,100.0,0,1,1,1,0,40,5,10,1,11.0,0,5,10,1,10.0,0,11.1,0.6,2.02,Enrolled
1,9147,1,120.0,111.3,0,0,1,1,0,20,5,8,5,10.2,0,5,7,5,11.2,0,12.4,0.5,1.79,Enrolled
44,9130,1,150.0,150.0,1,0,1,0,0,20,5,7,4,12.0,0,5,6,4,12.4,0,10.8,1.4,1.74,Enrolled
1,9500,1,136.0,131.1,1,0,1,0,0,19,7,9,6,13.411428571428573,0,8,12,7,13.294444444444444,0,15.5,2.8,-4.06,Enrolled
1,9085,1,126.0,123.9,1,0,1,0,0,19,6,13,4,11.8,0,6,18,4,12.2,0,12.4,0.5,1.79,Enrolled
17,9853,1,119.0,110.6,0,0,1,0,0,20,7,9,6,11.833333333333334,0,7,7,6,14.333333333333334,0,11.1,0.6,2.02,Enrolled
1,9500,1,154.0,129.0,1,0,1,0,0,18,8,9,6,13.345,0,8,9,6,13.345,2,9.4,-0.8,-3.12,Enrolled
1,9853,1,127.0,137.2,1,0,1,0,0,18,6,7,6,12.166666666666666,0,6,10,4,12.75,0,10.8,1.4,1.74,Enrolled
53,9070,1,130.0,130.0,1,0,0,0,1,22,6,8,6,11.0,0,6,10,4,12.0,0,8.9,1.4,3.51,Enrolled
17,9147,1,118.0,113.5,1,1,1,0,0,20,5,10,2,11.5,0,5,8,3,10.0,0,11.1,0.6,2.02,Enrolled
1,9130,1,143.0,141.3,0,1,0,0,0,23,6,10,6,14.0,0,6,11,4,13.0,0,11.1,0.6,2.02,Enrolled
1,9070,1,123.0,121.3,1,0,1,0,0,20,6,6,6,11.166666666666666,0,6,9,6,11.5,0,12.4,0.5,1.79,Enrolled
51,9147,1,130.0,120.0,0,0,1,0,0,21,5,9,5,12.8,0,5,11,3,12.666666666666666,0,11.1,0.6,2.02,Enrolled
17,9070,1,136.0,130.8,0,0,1,0,0,20,6,6,6,12.5,0,6,8,6,11.5,0,10.8,1.4,1.74,Enrolled
17,9500,1,132.0,125.4,1,0,0,0,1,20,7,7,7,13.462857142857144,0,8,10,7,13.164285714285716,0,11.1,0.6,2.02,Enrolled
1,9085,1,140.0,131.6,1,0,1,0,0,20,7,9,6,14.714285714285714,1,7,16,6,13.2,0,12.4,0.5,1.79,Enrolled
43,9130,1,120.0,120.0,0,1,1,0,0,21,5,9,5,13.2,0,5,7,2,12.5,2,10.8,1.4,1.74,Enrolled
1,9119,1,133.0,121.8,1,0,1,1,0,18,5,9,4,12.0,0,5,10,2,11.0,0,8.9,1.4,3.51,Enrolled
51,9556,1,131.0,126.6,1,0,1,1,0,23,7,11,5,12.414285714285713,0,7,13,2,13.5,0,8.9,1.4,3.51,Enrolled
17,9147,1,116.0,115.7,0,0,0,1,0,22,5,10,4,11.5,0,5,11,4,14.0,0,8.9,1.4,3.51,Enrolled
1,9085,1,122.0,113.3,1,0,1,0,0,18,5,9,4,14.25,0,5,8,5,12.714285714285714,0,10.8,1.4,1.74,Enrolled
5,9853,1,122.0,112.6,1,0,1,0,0,22,6,10,5,12.6,0,6,9,4,11.25,0,12.7,3.7,-1.7,Enrolled
17,9119,1,127.0,120.4,1,1,0,1,0,18,5,12,0,0.0,0,5,8,0,0.0,0,9.4,-0.8,-3.12,Enrolled
1,9556,1,135.0,131.5,0,0,1,1,1,21,7,14,5,11.2,0,8,11,6,11.583333333333334,0,16.2,0.3,-0.92,Enrolled
1,9254,1,112.0,113.8,1,0,1,0,0,21,6,10,6,10.833333333333334,0,6,10,4,11.0,0,7.6,2.6,0.32,Enrolled
17,9238,1,130.0,130.0,1,0,1,0,0,20,6,8,4,11.25,0,6,15,3,10.0,0,9.4,-0.8,-3.12,Enrolled
39,9991,0,120.0,110.0,0,0,1,0,0,37,5,14,2,10.0,0,5,7,3,11.333333333333334,0,12.7,3.7,-1.7,Enrolled
39,8014,0,133.1,100.0,0,1,1,0,0,37,8,12,7,11.375,2,7,10,6,12.166666666666666,0,13.9,-0.3,0.79,Enrolled
39,9085,1,140.0,129.3,1,1,1,0,0,28,6,17,0,0.0,0,6,6,0,0.0,0,8.9,1.4,3.51,Enrolled
1,9147,1,125.0,122.2,1,0,1,0,0,18,5,9,1,11.0,0,5,9,2,12.5,0,7.6,2.6,0.32,Enrolled
39,9500,1,100.0,121.3,1,0,1,0,0,34,8,11,7,11.705714285714285,0,8,11,7,11.705714285714285,0,10.8,1.4,1.74,Enrolled
44,9991,0,150.0,150.0,0,0,1,0,0,31,6,8,6,12.0,2,7,8,7,13.428571428571429,0,9.4,-0.8,-3.12,Enrolled
1,9773,1,145.0,131.7,1,0,1,0,0,18,6,7,6,12.666666666666666,0,6,8,4,12.25,0,7.6,2.6,0.32,Enrolled
39,9238,1,133.1,130.0,1,0,1,0,0,31,6,11,0,0.0,0,5,10,0,0.0,0,9.4,-0.8,-3.12,Enrolled
1,9119,1,149.0,141.0,0,0,1,1,0,18,5,9,2,11.666666666666666,0,5,9,2,12.5,2,7.6,2.6,0.32,Enrolled
39,9119,1,150.0,120.0,0,0,1,1,0,24,5,6,3,10.666666666666666,0,5,9,2,10.5,0,15.5,2.8,-4.06,Enrolled
17,9119,1,120.0,116.9,1,1,0,1,0,18,5,10,3,12.0,0,5,8,3,10.333333333333334,0,8.9,1.4,3.51,Enrolled
39,9991,0,100.0,113.0,0,0,1,1,1,41,5,9,4,11.0,0,5,6,5,11.4,0,8.9,1.4,3.51,Enrolled
39,9991,0,130.0,145.6,0,0,1,1,0,34,5,10,4,11.75,0,5,10,4,10.833333333333334,0,13.9,-0.3,0.79,Enrolled
1,9500,1,113.0,107.8,1,0,1,0,1,20,7,10,5,14.46,0,7,8,6,13.55,0,12.4,0.5,1.79,Enrolled
44,9085,1,130.0,130.0,1,0,1,0,0,22,6,12,5,12.8,0,6,19,2,11.5,0,12.4,0.5,1.79,Enrolled
1,9853,1,120.0,115.1,0,0,1,0,1,18,6,11,4,12.0,0,6,8,4,10.75,0,15.5,2.8,-4.06,Enrolled
1,9070,1,125.0,118.0,0,0,1,0,1,18,6,6,6,14.333333333333334,0,6,7,6,14.0,0,11.1,0.6,2.02,Enrolled
1,9853,1,124.0,121.6,0,0,1,0,0,18,6,9,5,12.333333333333334,0,6,10,5,10.6,0,15.5,2.8,-4.06,Enrolled
1,9853,1,163.0,146.6,1,1,1,0,0,18,6,9,5,13.6,0,6,10,4,11.75,0,9.4,-0.8,-3.12,Enrolled
1,9853,1,145.0,142.2,0,0,1,0,0,19,6,9,4,12.5,0,6,9,5,12.5,0,9.4,-0.8,-3.12,Enrolled
51,9070,1,117.0,120.0,1,0,1,0,0,21,6,7,5,12.2,0,6,7,4,12.6,0,8.9,1.4,3.51,Enrolled
17,9853,1,114.0,108.8,1,0,1,0,0,18,7,11,5,11.4,0,7,9,6,13.333333333333334,0,13.9,-0.3,0.79,Enrolled
43,171,1,133.0,133.0,0,0,1,0,0,18,0,0,0,0.0,0,0,0,0,0.0,0,15.5,2.8,-4.06,Enrolled
1,9853,1,121.0,120.0,1,0,1,0,0,18,6,10,3,12.0,0,6,8,4,10.25,0,10.8,1.4,1.74,Enrolled
43,9147,1,123.0,113.2,0,0,1,0,0,21,10,18,6,11.166666666666666,4,10,16,7,10.571428571428571,0,7.6,2.6,0.32,Enrolled
1,9500,1,113.0,106.7,1,0,1,0,1,20,7,10,5,12.62,0,7,8,6,12.5,0,11.1,0.6,2.02,Enrolled
39,9991,0,120.0,140.0,0,0,1,0,0,25,5,11,3,10.666666666666666,0,5,11,3,11.333333333333334,0,15.5,2.8,-4.06,Enrolled
39,9556,1,130.0,159.0,1,0,1,0,0,25,7,11,7,11.857142857142858,0,8,21,5,11.7,0,12.4,0.5,1.79,Enrolled
39,9238,1,170.0,140.0,1,0,1,0,0,24,6,9,4,15.75,0,6,10,5,16.4,0,9.4,-0.8,-3.12,Enrolled
1,9147,1,138.0,131.0,1,0,1,0,0,19,5,9,4,11.0,0,5,8,3,10.666666666666666,0,12.4,0.5,1.79,Enrolled
17,9147,1,121.0,123.8,0,0,1,0,1,19,5,5,5,12.4,0,5,8,3,11.0,0,12.7,3.7,-1.7,Enrolled
16,9147,1,132.0,122.6,1,0,1,0,1,20,5,8,3,12.0,0,5,9,4,12.625,0,10.8,1.4,1.74,Enrolled
1,171,1,131.0,132.8,1,0,1,0,0,18,0,0,0,0.0,0,0,0,0,0.0,0,7.6,2.6,0.32,Enrolled
18,9853,1,120.0,115.8,0,0,1,0,0,18,7,12,6,12.0,0,7,11,6,12.166666666666666,0,13.9,-0.3,0.79,Enrolled
17,9147,1,112.0,107.8,1,0,1,0,0,19,5,7,3,10.333333333333334,0,5,11,3,14.428571428571429,0,10.8,1.4,1.74,Enrolled
1,9500,1,138.0,127.5,1,0,1,0,0,19,7,10,5,12.94,0,7,7,5,13.76,0,16.2,0.3,-0.92,Enrolled
1,9147,1,118.0,117.3,1,0,1,0,0,19,5,9,4,12.25,0,5,10,4,12.0,0,8.9,1.4,3.51,Enrolled
7,9500,1,130.0,130.0,1,0,1,0,0,32,7,16,4,13.625,0,7,8,7,12.6375,0,12.4,0.5,1.79,Enrolled
39,9991,0,130.0,115.2,0,0,1,1,0,24,5,5,4,12.0,0,5,6,5,12.666666666666666,0,12.4,0.5,1.79,Enrolled
1,9500,1,133.1,96.0,1,0,1,0,0,19,7,10,6,13.598333333333334,0,8,11,6,11.933333333333332,0,11.1,0.6,2.02,Enrolled
7,9500,1,120.0,120.0,1,0,1,0,0,45,11,11,11,12.7,6,10,12,10,12.96818181818182,0,13.9,-0.3,0.79,Enrolled
17,9853,1,125.0,128.5,1,0,1,0,0,18,7,9,6,11.5,0,7,8,7,12.714285714285714,0,13.9,-0.3,0.79,Enrolled
39,9003,1,133.1,120.0,0,1,1,0,0,37,6,10,6,12.875,0,6,12,6,12.9,0,16.2,0.3,-0.92,Enrolled
17,9238,1,123.0,113.2,0,0,1,0,1,20,6,11,4,10.75,0,6,13,5,11.5,0,15.5,2.8,-4.06,Enrolled
1,9500,1,126.0,121.3,1,0,1,0,1,18,7,9,6,13.533333333333331,0,7,7,7,12.228571428571428,0,12.4,0.5,1.79,Enrolled
53,9085,1,140.0,140.0,1,1,1,0,0,21,9,10,8,13.25,4,9,14,5,12.2,0,8.9,1.4,3.51,Enrolled
39,9119,1,133.1,100.0,0,0,1,1,0,25,5,13,1,11.0,0,5,11,1,10.0,0,13.9,-0.3,0.79,Enrolled
53,9670,1,140.0,140.0,1,1,1,0,0,21,6,12,1,12.0,0,6,11,1,11.0,0,8.9,1.4,3.51,Enrolled
43,9085,1,170.0,170.0,1,0,1,0,0,19,5,5,0,0.0,0,5,7,4,14.75,1,12.7,3.7,-1.7,Enrolled
53,9991,0,140.0,135.0,0,1,1,0,0,23,11,18,8,12.375,3,9,15,5,12.6,0,8.9,1.4,3.51,Enrolled
17,9773,1,121.0,113.7,0,0,1,0,0,18,6,8,5,12.6,0,6,10,6,12.428571428571429,0,15.5,2.8,-4.06,Enrolled
39,8014,0,133.1,116.5,0,0,1,1,1,24,6,6,4,12.25,0,6,10,4,11.5,0,12.4,0.5,1.79,Enrolled
1,9070,1,129.0,132.9,1,0,1,1,1,20,6,9,6,11.375,0,6,6,5,13.8,0,7.6,2.6,0.32,Enrolled
17,9119,1,120.0,117.2,0,0,1,1,1,18,5,8,4,13.5,0,6,10,6,13.625,0,11.1,0.6,2.02,Enrolled
18,9254,1,118.0,123.3,1,0,1,1,0,26,6,10,4,10.0,0,6,11,3,12.0,0,9.4,-0.8,-3.12,Enrolled
1,9670,1,127.0,118.3,1,0,1,0,0,18,6,7,6,12.333333333333334,0,6,10,3,12.0,0,13.9,-0.3,0.79,Enrolled
17,9085,1,123.0,113.6,1,0,1,0,0,19,5,13,3,12.0,0,5,8,4,11.75,0,9.4,-0.8,-3.12,Enrolled
1,9853,1,123.0,115.3,1,0,1,0,0,20,7,8,6,13.5,0,7,8,6,14.0,0,11.1,0.6,2.02,Enrolled
17,9147,1,125.0,118.7,1,0,1,0,0,18,5,16,4,10.666666666666666,0,5,11,2,12.0,0,13.9,-0.3,0.79,Enrolled
1,9085,1,101.0,98.9,1,0,1,0,0,21,6,12,4,12.5,0,6,13,2,12.666666666666666,0,11.1,0.6,2.02,Enrolled
1,9085,1,120.0,113.4,0,0,1,0,0,18,6,14,4,11.5,0,6,17,3,13.75,0,11.1,0.6,2.02,Enrolled
1,9238,1,107.0,103.5,1,0,1,0,0,20,6,13,3,11.2,0,6,9,4,12.0,0,16.2,0.3,-0.92,Enrolled
17,9853,1,126.0,126.0,1,0,1,0,0,19,6,9,5,13.0,0,6,8,5,10.4,0,7.6,2.6,0.32,Enrolled
39,9500,1,133.1,121.7,0,0,1,0,1,27,7,8,6,12.6,0,7,9,6,11.685714285714283,0,12.4,0.5,1.79,Enrolled
17,9147,1,147.0,142.8,1,1,0,0,1,19,5,5,5,12.8,0,5,5,4,12.0,0,11.1,0.6,2.02,Enrolled
1,9500,1,128.0,120.5,1,0,1,0,1,19,7,10,5,13.04,0,7,7,7,12.5,0,12.4,0.5,1.79,Enrolled
53,9085,1,140.0,144.9,1,1,0,0,0,23,11,18,11,13.166666666666666,4,9,15,8,13.333333333333334,0,8.9,1.4,3.51,Enrolled
1,9238,1,108.0,105.9,0,0,1,0,1,20,6,11,5,10.6,0,6,9,5,11.166666666666666,0,11.1,0.6,2.02,Enrolled
1,9085,1,132.0,124.3,0,0,1,0,0,20,6,10,6,13.428571428571429,0,6,11,5,12.666666666666666,0,13.9,-0.3,0.79,Enrolled
17,9147,1,136.0,122.7,1,0,1,1,0,18,5,6,5,12.0,0,5,7,4,12.5,0,15.5,2.8,-4.06,Enrolled
1,9085,1,118.0,112.4,1,0,1,1,0,21,5,7,4,11.5,0,5,15,3,10.6,4,10.8,1.4,1.74,Enrolled
1,9130,1,133.1,138.0,1,0,1,0,0,20,6,11,6,13.333333333333334,0,6,10,6,13.0,0,16.2,0.3,-0.92,Enrolled
1,171,1,140.0,138.3,1,0,1,0,0,18,0,0,0,0.0,0,0,0,0,0.0,0,12.4,0.5,1.79,Enrolled
1,9773,1,132.0,124.3,1,0,1,0,0,19,6,6,5,12.2,0,6,7,5,10.8,0,10.8,1.4,1.74,Enrolled
1,9773,1,122.0,126.9,1,0,1,0,1,19,6,11,4,11.0,0,6,11,3,11.666666666666666,0,9.4,-0.8,-3.12,Enrolled
1,9147,1,127.0,123.5,1,0,1,0,1,19,5,5,5,11.6,0,5,11,3,12.666666666666666,0,9.4,-0.8,-3.12,Enrolled
1,9130,1,140.0,129.5,1,0,1,0,0,18,5,10,4,13.5,0,5,5,5,13.4,0,12.7,3.7,-1.7,Enrolled
1,9254,1,143.0,133.2,1,0,1,0,0,19,6,9,5,13.4,0,6,16,2,13.5,0,10.8,1.4,1.74,Enrolled
17,9238,1,138.0,133.5,1,0,1,0,1,21,6,8,3,10.2,0,6,13,4,12.25,0,12.7,3.7,-1.7,Enrolled
1,9254,1,129.0,122.0,1,0,1,0,1,18,6,9,6,10.833333333333334,0,6,8,5,11.0,0,7.6,2.6,0.32,Enrolled
1,9500,1,130.0,125.1,1,0,1,0,1,18,7,9,6,12.816666666666668,0,8,11,6,12.875,0,11.1,0.6,2.02,Enrolled
15,9119,1,160.0,160.0,0,1,1,0,0,19,6,11,2,13.5,0,5,11,2,11.0,0,8.9,1.4,3.51,Enrolled
1,9119,1,121.0,114.0,0,0,1,1,0,20,5,9,4,11.6,0,5,7,4,12.25,2,7.6,2.6,0.32,Enrolled
1,9147,1,123.0,117.8,0,0,1,1,0,20,5,9,5,12.0,0,5,9,4,13.0,0,8.9,1.4,3.51,Enrolled
1,9500,1,122.0,114.3,1,0,1,1,0,18,7,8,6,13.976666666666668,0,8,12,6,12.041666666666666,1,11.1,0.6,2.02,Enrolled
1,9670,1,136.0,129.7,1,0,1,1,0,19,6,10,4,12.5,0,6,12,1,10.0,3,16.2,0.3,-0.92,Enrolled
1,9670,1,121.0,122.4,1,0,1,1,0,19,5,7,3,11.666666666666666,0,5,5,4,12.0,0,9.4,-0.8,-3.12,Enrolled
17,9254,1,135.0,135.0,1,0,1,1,0,20,6,8,6,11.833333333333334,0,6,9,5,10.4,0,7.6,2.6,0.32,Enrolled
17,9119,1,126.0,122.9,1,0,1,1,0,21,5,10,4,13.2,0,5,7,4,14.25,2,7.6,2.6,0.32,Enrolled
17,9147,1,120.0,124.2,1,0,1,1,0,18,5,13,5,12.0,0,5,9,4,11.4,0,13.9,-0.3,0.79,Enrolled
44,9003,1,130.0,130.0,1,0,1,1,0,20,6,12,4,11.6,0,6,11,5,11.5,0,15.5,2.8,-4.06,Enrolled
17,9119,1,131.0,123.7,1,0,1,1,0,20,5,7,4,12.0,0,5,8,2,12.5,0,10.8,1.4,1.74,Enrolled
17,9670,1,133.1,96.0,1,0,1,0,1,25,6,8,6,11.285714285714286,0,6,10,5,12.2,0,15.5,2.8,-4.06,Enrolled
39,9003,1,140.0,150.0,0,0,1,1,0,28,6,12,5,12.0,0,6,10,6,12.333333333333334,0,11.1,0.6,2.02,Enrolled
39,9500,1,130.0,163.7,0,0,1,0,0,35,7,11,5,13.34,0,7,9,5,10.84,0,12.4,0.5,1.79,Enrolled
39,9500,1,130.0,130.0,0,0,1,0,0,27,8,12,7,12.457142857142856,3,8,12,7,12.457142857142856,0,12.7,3.7,-1.7,Enrolled
39,9991,0,160.0,160.0,0,0,1,0,1,31,5,13,4,10.5,0,5,10,4,10.5,0,15.5,2.8,-4.06,Enrolled
39,9991,0,133.1,150.0,0,0,1,1,0,47,5,8,4,10.0,0,5,8,4,12.5,0,9.4,-0.8,-3.12,Enrolled
1,171,1,133.0,141.4,0,0,1,1,1,20,0,0,0,0.0,0,0,0,0,0.0,0,13.9,-0.3,0.79,Enrolled
1,171,1,134.0,141.7,1,0,1,1,0,18,0,0,0,0.0,0,0,0,0,0.0,0,7.6,2.6,0.32,Enrolled
39,9003,1,133.1,100.7,0,0,1,0,0,39,6,15,2,13.0,0,6,13,3,13.0,1,15.5,2.8,-4.06,Enrolled
7,9119,1,180.0,180.0,0,1,1,1,0,30,5,6,4,14.5,0,5,10,3,16.2,0,13.9,-0.3,0.79,Enrolled
44,9991,0,140.0,140.0,0,0,1,0,0,41,6,10,4,12.25,3,7,9,6,12.5,0,9.4,-0.8,-3.12,Enrolled
18,9773,1,125.0,122.2,0,0,0,0,0,18,6,7,5,12.6,0,6,6,5,11.8,0,11.1,0.6,2.02,Enrolled
17,9147,1,139.0,143.6,1,1,1,1,0,18,5,9,0,0.0,0,5,5,0,0.0,0,7.6,2.6,0.32,Enrolled
15,33,1,133.1,100.0,0,0,1,1,0,20,7,10,7,12.857142857142858,0,7,7,4,12.75,0,8.9,1.4,3.51,Enrolled
17,9130,1,137.0,130.0,1,0,1,0,0,21,6,12,5,13.6,0,6,10,4,14.25,0,12.4,0.5,1.79,Enrolled
44,9130,1,140.0,140.0,1,1,0,0,0,20,6,11,3,12.0,0,6,11,2,11.0,0,12.4,0.5,1.79,Enrolled
17,9085,1,106.0,106.0,0,0,1,0,0,20,6,9,6,13.166666666666666,0,6,8,4,14.0,0,13.9,-0.3,0.79,Enrolled
15,9556,1,137.0,137.0,0,1,1,0,0,19,7,11,0,0.0,0,7,11,2,11.666666666666666,0,8.9,1.4,3.51,Enrolled
1,8014,0,121.0,114.4,1,0,1,0,0,45,12,14,12,14.0,2,7,12,7,13.857142857142858,0,7.6,2.6,0.32,Enrolled
39,9991,0,100.0,120.7,0,0,1,0,0,28,5,9,4,11.25,0,5,7,4,13.0,0,7.6,2.6,0.32,Enrolled
16,171,1,158.0,164.3,1,0,1,1,1,18,0,0,0,0.0,0,0,0,0,0.0,0,10.8,1.4,1.74,Enrolled
16,9070,1,133.0,122.5,1,0,1,0,0,18,6,11,1,11.0,0,6,11,4,11.0,4,7.6,2.6,0.32,Enrolled
1,9147,1,132.0,131.3,1,0,1,0,0,18,5,8,4,12.0,0,5,8,4,12.25,0,9.4,-0.8,-3.12,Enrolled
17,9119,1,133.1,117.0,1,0,1,1,0,21,5,10,5,11.166666666666666,0,5,10,3,10.8,0,12.4,0.5,1.79,Enrolled
1,9147,1,120.0,122.8,1,0,1,1,0,18,5,6,4,11.5,0,5,12,2,10.333333333333334,0,10.8,1.4,1.74,Enrolled
17,9147,1,118.0,118.4,1,0,1,1,0,19,5,10,2,10.5,0,5,5,4,11.75,0,12.4,0.5,1.79,Enrolled
1,9670,1,127.0,128.1,0,0,1,1,0,19,5,8,4,12.5,0,5,6,4,11.0,0,7.6,2.6,0.32,Enrolled
1,9500,1,133.1,99.0,1,0,1,1,0,22,7,9,6,12.833333333333334,0,8,12,6,12.5,0,16.2,0.3,-0.92,Enrolled
17,9670,1,110.0,111.3,0,0,1,1,0,21,6,10,6,12.285714285714286,0,6,11,4,14.25,0,15.5,2.8,-4.06,Enrolled
1,9254,1,125.0,121.5,1,0,1,1,0,18,6,12,5,11.0,0,6,11,3,10.333333333333334,0,9.4,-0.8,-3.12,Enrolled
53,9003,1,130.0,130.0,1,1,1,1,0,20,12,16,11,12.545454545454543,5,10,12,8,11.625,0,8.9,1.4,3.51,Enrolled
17,9773,1,128.0,125.2,1,0,1,1,0,18,6,6,6,12.666666666666666,0,6,7,5,13.6,0,12.4,0.5,1.79,Enrolled
16,9085,1,134.0,123.9,1,0,1,1,0,18,5,11,5,13.0,0,5,7,5,12.4,0,9.4,-0.8,-3.12,Enrolled
43,8014,0,130.0,100.0,0,0,1,1,0,54,13,14,13,13.307692307692308,7,11,12,11,12.818181818181818,0,12.7,3.7,-1.7,Enrolled
1,9500,1,141.0,124.3,0,0,1,0,0,19,8,8,7,14.514285714285714,0,8,8,7,14.514285714285714,0,12.7,3.7,-1.7,Enrolled
7,9991,0,120.0,120.0,0,0,1,0,0,27,5,5,5,15.2,0,5,6,5,14.0,0,11.1,0.6,2.02,Enrolled
1,9085,1,130.0,129.0,0,0,1,0,0,20,5,7,4,11.75,0,5,9,2,10.5,0,7.6,2.6,0.32,Enrolled
1,171,1,136.0,152.5,1,0,1,0,0,20,0,0,0,0.0,0,0,0,0,0.0,0,13.9,-0.3,0.79,Enrolled
1,9773,1,150.0,138.1,1,0,1,0,0,19,6,7,6,14.0,0,6,7,5,15.0,0,11.1,0.6,2.02,Enrolled
39,9991,0,133.1,127.7,0,0,1,0,0,25,5,12,4,12.5,0,5,10,4,11.0,0,13.9,-0.3,0.79,Enrolled
1,9119,1,128.0,124.5,1,0,1,1,0,19,5,10,3,10.666666666666666,0,5,9,2,14.0,2,7.6,2.6,0.32,Enrolled
1,9773,1,117.0,109.3,0,0,1,1,0,19,6,11,4,12.25,0,6,10,3,12.666666666666666,0,7.6,2.6,0.32,Enrolled
1,171,1,124.0,121.2,1,0,1,1,0,20,0,0,0,0.0,0,0,0,0,0.0,0,10.8,1.4,1.74,Enrolled
1,9147,1,131.0,123.3,0,0,1,1,0,19,5,7,5,11.8,0,5,8,4,12.4,2,16.2,0.3,-0.92,Enrolled
1,9119,1,131.0,135.9,0,0,1,1,0,18,5,10,2,14.0,0,5,7,3,11.0,1,7.6,2.6,0.32,Enrolled
1,9147,1,117.0,117.0,1,0,1,1,0,19,5,5,4,10.75,0,5,6,4,12.25,0,12.4,0.5,1.79,Enrolled
44,9991,0,130.0,130.0,0,0,1,0,0,31,6,12,4,12.25,3,7,9,7,12.0,0,9.4,-0.8,-3.12,Enrolled
44,9085,1,140.0,140.0,0,1,0,0,0,24,6,11,4,12.5,1,6,18,2,11.5,0,12.4,0.5,1.79,Enrolled
39,9500,1,100.0,130.0,0,0,1,1,1,33,8,16,1,10.0,0,8,16,1,10.0,1,12.7,3.7,-1.7,Enrolled
44,9130,1,130.0,130.0,1,0,1,0,1,20,6,11,4,12.0,0,6,9,4,10.75,0,16.2,0.3,-0.92,Enrolled
39,8014,0,140.0,172.0,0,0,1,1,0,44,11,21,9,12.333333333333334,8,11,16,9,11.0,0,12.4,0.5,1.79,Enrolled
1,9500,1,130.0,118.1,1,0,1,1,0,18,7,10,6,12.035714285714286,0,8,9,7,13.75,0,13.9,-0.3,0.79,Enrolled
17,9254,1,122.0,116.1,1,0,1,1,0,19,6,7,5,12.2,0,6,12,2,12.0,0,7.6,2.6,0.32,Enrolled
44,9003,1,120.0,120.0,1,0,1,1,0,21,9,14,7,11.285714285714286,2,8,15,4,12.25,0,12.7,3.7,-1.7,Enrolled
17,9070,1,152.0,134.2,1,0,1,1,0,20,6,7,5,11.8,0,6,9,4,12.0,0,15.5,2.8,-4.06,Enrolled
44,9119,1,150.0,150.0,0,0,1,1,0,20,5,16,0,0.0,0,5,12,2,10.5,0,12.7,3.7,-1.7,Enrolled
1,9119,1,150.0,143.4,0,0,0,1,1,18,5,5,5,14.2,0,5,5,5,14.2,0,8.9,1.4,3.51,Enrolled
17,171,1,145.0,143.6,0,1,1,1,0,19,12,12,10,12.7,4,11,16,10,12.272727272727272,0,8.9,1.4,3.51,Enrolled
44,9254,1,170.0,170.0,0,0,0,1,0,26,8,14,8,15.125,1,6,12,6,13.666666666666666,0,11.1,0.6,2.02,Enrolled
51,9147,1,116.0,115.2,0,1,1,1,0,32,7,16,3,12.0,3,8,10,3,10.333333333333334,0,8.9,1.4,3.51,Enrolled
16,9853,1,134.0,121.4,1,0,1,0,1,23,6,10,4,14.25,0,6,8,5,12.0,0,7.6,2.6,0.32,Enrolled
39,9147,1,133.1,134.8,0,0,1,0,0,24,5,12,2,10.5,0,5,9,4,10.0,2,16.2,0.3,-0.92,Enrolled
42,9003,1,140.0,140.0,1,0,1,1,0,25,6,14,5,11.666666666666666,0,6,11,4,12.0,0,15.5,2.8,-4.06,Enrolled
17,9254,1,108.0,112.2,1,0,1,1,0,19,6,13,5,10.8,0,6,12,3,10.0,0,9.4,-0.8,-3.12,Enrolled
1,9670,1,133.1,139.0,0,0,1,1,0,21,6,6,5,12.8,0,6,9,5,12.25,0,10.8,1.4,1.74,Enrolled
17,9147,1,122.0,116.1,1,1,1,1,0,19,5,10,4,11.0,0,5,13,2,12.0,0,8.9,1.4,3.51,Enrolled
43,9147,1,123.0,110.0,0,0,1,1,0,25,5,12,3,11.0,0,5,12,4,11.5,0,9.4,-0.8,-3.12,Enrolled
43,9500,1,136.0,118.4,1,0,1,0,0,21,7,12,4,13.125,0,7,8,6,12.333333333333334,0,13.9,-0.3,0.79,Enrolled
1,9119,1,117.0,111.1,0,0,1,1,1,19,5,10,5,11.8,0,5,12,3,11.5,0,11.1,0.6,2.02,Enrolled
1,9119,1,131.0,126.8,0,0,0,1,1,18,5,6,5,12.2,0,5,8,4,12.0,0,8.9,1.4,3.51,Enrolled
39,9003,1,133.1,140.0,0,1,1,1,0,24,6,10,6,14.88888888888889,0,6,11,6,13.727272727272728,0,16.2,0.3,-0.92,Enrolled
43,9085,1,130.0,130.0,1,0,0,0,0,19,6,12,5,13.0,0,6,12,3,11.666666666666666,0,13.9,-0.3,0.79,Enrolled
1,9500,1,122.0,114.8,1,0,1,0,1,19,7,11,4,12.65,0,7,9,5,11.1,0,12.4,0.5,1.79,Enrolled
17,9147,1,162.0,138.6,1,0,1,0,0,19,5,10,1,11.0,0,5,13,0,0.0,0,12.7,3.7,-1.7,Enrolled
17,9085,1,125.0,118.4,1,0,1,0,0,21,5,13,3,11.333333333333334,0,5,12,2,10.5,1,9.4,-0.8,-3.12,Enrolled
1,9147,1,128.0,122.1,0,0,1,0,1,18,5,11,4,11.571428571428571,0,5,9,5,12.0,0,13.9,-0.3,0.79,Enrolled
39,9500,1,133.1,109.0,1,0,1,0,0,39,7,8,5,12.16,0,7,8,5,12.16,0,7.6,2.6,0.32,Enrolled
1,9147,1,128.0,121.0,1,1,1,1,0,20,5,6,5,13.2,0,5,10,5,11.4,3,16.2,0.3,-0.92,Enrolled
43,9254,1,135.0,122.1,0,0,1,1,0,19,6,14,3,12.5,0,6,9,4,11.0,0,12.7,3.7,-1.7,Enrolled
42,9991,0,130.0,130.0,0,0,1,1,0,27,2,2,2,12.5,0,5,6,2,12.5,0,12.7,3.7,-1.7,Enrolled
39,9119,1,110.0,125.9,0,0,1,1,0,34,5,7,0,0.0,0,5,8,1,11.0,0,10.8,1.4,1.74,Enrolled
44,9119,1,160.0,160.0,0,1,1,1,0,41,7,15,5,14.333333333333334,1,6,16,6,14.636363636363637,0,12.4,0.5,1.79,Enrolled
39,9500,1,133.1,115.2,0,0,1,0,0,48,7,11,4,11.75,0,7,14,3,11.725,0,11.1,0.6,2.02,Enrolled
1,171,1,147.0,145.3,1,0,1,0,0,18,0,0,0,0.0,0,0,0,0,0.0,0,12.4,0.5,1.79,Enrolled
1,9070,1,124.0,132.1,1,0,1,0,0,19,6,10,2,10.5,0,6,6,3,11.0,0,7.6,2.6,0.32,Enrolled
1,9085,1,105.0,102.6,0,0,1,0,0,21,6,13,4,12.0,0,6,17,2,11.5,0,11.1,0.6,2.02,Enrolled
17,9853,1,112.0,106.1,1,0,1,0,0,19,6,8,5,12.333333333333334,0,6,8,5,11.0,0,15.5,2.8,-4.06,Enrolled
43,9670,1,151.0,100.0,0,1,1,0,0,20,6,12,5,12.2,0,6,8,5,14.6,0,13.9,-0.3,0.79,Enrolled
44,9085,1,140.0,140.0,1,0,1,0,0,20,6,11,5,14.2,0,6,12,2,13.5,0,13.9,-0.3,0.79,Enrolled
1,9853,1,142.0,132.6,0,0,1,0,0,18,6,8,5,12.8,0,6,14,3,10.0,0,9.4,-0.8,-3.12,Enrolled
1,9070,1,123.0,124.8,0,0,0,0,1,18,6,7,5,11.8,0,6,7,5,13.0,0,8.9,1.4,3.51,Enrolled
1,9500,1,140.0,133.8,1,0,1,0,0,17,8,14,5,12.46,0,8,14,5,12.46,0,10.8,1.4,1.74,Enrolled
1,9238,1,125.0,122.6,1,0,1,0,0,18,6,9,5,11.833333333333334,0,6,8,2,11.5,0,13.9,-0.3,0.79,Enrolled
53,9085,1,130.0,130.0,1,1,0,0,0,24,9,9,8,13.125,4,9,13,6,13.0,0,8.9,1.4,3.51,Enrolled
18,9500,1,128.0,125.8,0,0,1,0,1,20,8,8,0,0.0,0,8,8,0,0.0,8,9.4,-0.8,-3.12,Enrolled
1,9085,1,135.0,121.0,1,0,1,0,0,18,5,14,3,12.333333333333334,0,5,8,5,11.6,0,9.4,-0.8,-3.12,Enrolled
17,9853,1,146.0,128.2,0,1,1,0,0,18,6,8,4,13.25,0,6,10,3,10.666666666666666,0,12.7,3.7,-1.7,Enrolled
51,9238,1,122.0,112.6,0,1,1,0,0,20,11,18,8,12.625,4,10,10,3,11.0,0,11.1,0.6,2.02,Enrolled
1,9500,1,118.0,110.0,1,0,1,0,0,19,7,12,4,12.85,0,7,7,7,12.62142857142857,0,11.1,0.6,2.02,Enrolled
44,9085,1,140.0,140.0,0,0,1,0,0,20,6,7,6,14.285714285714286,0,6,9,3,13.0,0,13.9,-0.3,0.79,Enrolled
39,9991,0,140.0,130.0,0,0,1,0,0,34,5,5,0,0.0,0,5,5,0,0.0,0,9.4,-0.8,-3.12,Enrolled
1,9670,1,120.0,112.0,1,0,1,0,0,18,6,10,4,11.25,0,6,11,5,12.2,0,8.9,1.4,3.51,Enrolled
39,8014,0,120.0,119.5,0,1,1,0,0,25,6,6,6,11.333333333333334,0,6,6,4,11.75,0,8.9,1.4,3.51,Enrolled
1,9254,1,100.0,101.8,1,0,1,0,0,21,6,8,5,11.6,0,6,6,5,13.0,0,12.4,0.5,1.79,Enrolled
39,9991,0,120.0,170.0,0,0,1,0,0,34,5,12,2,11.5,0,5,9,4,11.75,0,9.4,-0.8,-3.12,Enrolled
1,171,1,127.0,133.5,1,0,1,1,0,17,0,0,0,0.0,0,0,0,0,0.0,0,15.5,2.8,-4.06,Enrolled
42,9500,1,100.0,153.0,0,0,1,1,0,22,6,7,3,14.5,4,7,8,4,14.375,0,15.5,2.8,-4.06,Enrolled
1,9500,1,138.0,123.0,1,0,1,0,0,19,7,10,5,13.44,0,7,8,6,13.066666666666668,0,12.4,0.5,1.79,Enrolled
44,9085,1,150.0,150.0,0,0,1,0,0,20,6,8,6,13.0,1,6,18,2,12.0,0,12.4,0.5,1.79,Enrolled
18,9853,1,123.0,123.7,1,0,1,0,0,19,6,8,5,12.666666666666666,0,6,8,5,11.0,0,15.5,2.8,-4.06,Enrolled
1,9085,1,133.0,119.7,1,0,1,0,0,21,5,13,5,12.2,0,5,10,3,11.333333333333334,1,9.4,-0.8,-3.12,Enrolled
17,9773,1,133.1,117.0,0,0,1,0,0,21,6,8,5,11.8,0,6,8,5,11.833333333333334,0,15.5,2.8,-4.06,Enrolled
43,9500,1,127.0,121.1,0,0,1,0,1,18,7,11,5,12.16,0,7,7,2,13.4,0,16.2,0.3,-0.92,Enrolled
16,9070,1,145.0,146.1,1,0,1,0,0,18,6,6,1,15.0,0,6,7,4,12.5,0,9.4,-0.8,-3.12,Enrolled
17,9085,1,138.0,126.8,1,0,1,0,0,18,5,12,2,11.5,0,5,12,3,11.8,2,10.8,1.4,1.74,Enrolled
44,9085,1,150.0,150.0,1,0,1,0,0,19,5,10,1,13.0,0,5,8,3,15.333333333333334,0,12.7,3.7,-1.7,Enrolled
17,171,1,133.0,134.8,1,0,1,0,0,18,0,0,0,0.0,0,0,0,0,0.0,0,12.4,0.5,1.79,Enrolled
1,9085,1,125.0,126.8,0,0,1,0,0,18,6,13,6,12.0,0,6,16,4,12.75,0,11.1,0.6,2.02,Enrolled
17,9500,1,137.0,131.1,1,0,1,0,0,18,7,9,7,12.385714285714286,0,8,9,7,12.728571428571428,0,13.9,-0.3,0.79,Enrolled
17,9130,1,143.0,131.8,1,1,0,0,0,18,6,9,5,12.4,0,6,12,5,14.166666666666666,0,8.9,1.4,3.51,Enrolled
44,9085,1,130.0,130.0,1,0,1,0,0,21,6,13,3,11.75,1,6,13,5,12.333333333333334,0,12.4,0.5,1.79,Enrolled
17,171,1,137.0,143.3,1,0,1,0,0,18,0,0,0,0.0,0,0,0,0,0.0,0,9.4,-0.8,-3.12,Enrolled
17,9238,1,133.0,136.2,1,0,1,0,0,19,6,14,1,11.5,0,6,12,2,10.5,0,7.6,2.6,0.32,Enrolled
1,9070,1,124.0,126.8,0,0,1,0,1,18,6,8,6,12.0,0,6,12,5,11.142857142857142,0,13.9,-0.3,0.79,Enrolled
17,171,1,144.0,129.3,1,0,1,1,1,18,0,0,0,0.0,0,0,0,0,0.0,0,7.6,2.6,0.32,Enrolled
17,9119,1,142.0,127.3,0,0,1,1,0,18,5,10,3,11.0,0,5,6,3,11.0,1,16.2,0.3,-0.92,Enrolled
1,9773,1,133.1,98.0,1,0,1,1,1,19,6,8,4,12.0,0,6,8,6,12.285714285714286,0,15.5,2.8,-4.06,Enrolled
17,9147,1,130.0,122.0,1,0,1,1,0,20,5,8,2,10.5,0,5,11,4,12.25,0,10.8,1.4,1.74,Enrolled
43,9070,1,117.0,112.5,1,0,1,1,0,19,6,7,3,11.666666666666666,1,6,13,4,10.333333333333334,0,13.9,-0.3,0.79,Enrolled
44,9119,1,180.0,180.0,0,0,1,1,1,20,7,12,6,14.142857142857142,1,6,10,6,14.125,0,12.4,0.5,1.79,Enrolled
43,9147,1,130.0,130.8,0,0,1,1,0,22,5,5,0,0.0,0,5,9,3,13.333333333333334,2,16.2,0.3,-0.92,Enrolled
17,9147,1,133.1,109.0,1,0,1,1,1,22,5,7,3,12.333333333333334,0,5,9,3,10.571428571428571,0,10.8,1.4,1.74,Enrolled
1,9119,1,126.0,130.2,0,0,1,1,0,19,5,7,5,10.2,0,5,8,3,12.0,0,10.8,1.4,1.74,Enrolled
1,9773,1,133.0,130.2,0,0,1,1,0,19,6,9,5,12.6,6,10,16,8,11.0,1,8.9,1.4,3.51,Enrolled
43,9119,1,146.0,100.0,0,0,1,1,0,18,5,9,4,12.25,0,5,11,3,11.666666666666666,0,13.9,-0.3,0.79,Enrolled
17,9254,1,118.0,121.2,0,0,1,1,1,18,6,12,3,10.666666666666666,0,6,9,4,12.0,0,15.5,2.8,-4.06,Enrolled
1,9254,1,123.0,117.8,0,0,1,1,0,19,6,10,4,12.75,0,6,12,2,13.0,0,10.8,1.4,1.74,Enrolled
39,9130,1,130.0,110.0,0,0,1,1,0,24,6,11,6,11.333333333333334,0,6,12,3,11.333333333333334,0,16.2,0.3,-0.92,Enrolled
39,9085,1,133.1,138.3,1,1,0,1,0,25,6,6,0,0.0,0,6,6,0,0.0,0,8.9,1.4,3.51,Enrolled
39,9991,0,130.0,127.8,0,0,1,1,0,37,5,7,4,10.75,0,5,7,3,11.333333333333334,0,7.6,2.6,0.32,Enrolled
43,9119,1,128.0,100.0,0,0,1,1,0,19,5,8,5,12.0,0,5,12,2,10.5,0,13.9,-0.3,0.79,Enrolled
17,9500,1,128.0,124.7,0,0,1,1,1,19,7,11,6,12.528571428571428,0,7,10,6,12.416666666666666,0,15.5,2.8,-4.06,Enrolled
43,9500,1,136.0,124.1,0,0,1,1,1,21,8,8,0,0.0,0,8,8,0,0.0,8,9.4,-0.8,-3.12,Enrolled
44,9003,1,130.0,130.0,0,0,1,1,0,20,7,13,3,10.666666666666666,0,6,14,2,11.5,0,15.5,2.8,-4.06,Enrolled
1,9670,1,122.0,116.1,0,0,1,1,1,19,6,10,6,13.125,0,6,9,6,12.714285714285714,0,11.1,0.6,2.02,Enrolled
1,9853,1,110.0,114.3,1,0,1,1,0,42,6,9,5,12.4,0,6,10,5,11.8,0,7.6,2.6,0.32,Enrolled
18,9085,1,106.0,104.6,0,0,0,1,0,21,6,10,5,14.0,0,6,11,4,14.8,0,11.1,0.6,2.02,Enrolled
1,9070,1,132.0,136.6,1,0,1,1,0,19,6,7,5,11.4,0,6,10,3,11.0,3,7.6,2.6,0.32,Enrolled
44,9003,1,140.0,140.0,0,0,1,1,0,21,6,13,4,11.75,0,6,15,4,10.5,0,15.5,2.8,-4.06,Enrolled
1,9070,1,140.0,138.3,0,0,1,1,0,20,6,8,6,13.428571428571429,0,6,12,4,11.5,0,13.9,-0.3,0.79,Enrolled
42,9119,1,136.0,117.5,0,0,1,1,0,19,5,6,4,11.8,0,5,7,2,11.5,0,15.5,2.8,-4.06,Enrolled
44,9119,1,140.0,140.0,0,0,1,1,0,23,7,12,3,14.0,1,6,12,1,14.0,0,12.4,0.5,1.79,Enrolled
17,9070,1,131.0,125.1,0,0,1,1,0,18,6,7,6,12.333333333333334,0,6,10,5,10.8,4,16.2,0.3,-0.92,Enrolled
1,9147,1,130.0,118.8,0,1,1,1,1,22,5,8,5,10.666666666666666,0,5,11,2,11.0,0,15.5,2.8,-4.06,Enrolled
18,9119,1,136.0,125.2,1,0,1,1,0,19,5,9,5,11.833333333333334,0,5,9,5,14.714285714285714,0,12.4,0.5,1.79,Enrolled
1,9070,1,110.0,107.6,1,0,1,1,1,22,6,6,6,11.666666666666666,0,6,6,6,12.166666666666666,0,7.6,2.6,0.32,Enrolled
43,9070,1,160.0,100.0,0,0,1,1,0,38,6,9,5,16.0,0,6,11,4,16.5,0,13.9,-0.3,0.79,Enrolled
39,9500,1,110.0,126.0,1,0,1,1,0,27,7,7,7,14.085714285714284,0,7,7,7,14.085714285714284,0,7.6,2.6,0.32,Enrolled
51,9119,1,129.0,121.6,1,0,1,1,0,19,5,10,0,0.0,0,5,7,1,10.0,0,7.6,2.6,0.32,Enrolled
17,9119,1,122.0,114.7,0,0,1,1,0,20,5,6,5,15.8,0,5,8,5,13.714285714285714,0,11.1,0.6,2.02,Enrolled
17,9119,1,139.0,133.1,1,0,1,1,0,18,5,8,4,12.5,0,5,7,3,14.666666666666666,1,7.6,2.6,0.32,Enrolled
43,9670,1,132.0,120.5,0,0,1,1,0,19,6,17,4,12.5,0,6,8,4,13.25,0,13.9,-0.3,0.79,Enrolled
39,9119,1,139.0,110.3,0,1,1,1,0,24,5,12,1,10.0,0,5,11,1,11.0,0,8.9,1.4,3.51,Enrolled
44,9119,1,140.0,140.0,1,0,1,1,0,22,5,9,0,0.0,0,5,6,2,11.666666666666666,0,10.8,1.4,1.74,Enrolled
1,9003,1,144.0,132.8,0,0,1,1,1,19,6,9,4,12.0,0,6,10,4,12.5,0,15.5,2.8,-4.06,Enrolled
1,171,1,131.0,127.2,1,1,1,1,0,23,17,19,13,12.153846153846152,10,17,28,11,11.909090909090908,1,11.1,0.6,2.02,Enrolled
1,9773,1,140.0,133.4,1,0,0,1,0,29,6,8,6,16.5,0,6,6,5,13.8,0,11.1,0.6,2.02,Enrolled
44,9003,1,140.0,140.0,0,0,1,1,0,20,6,11,6,11.285714285714286,0,6,12,5,11.77777777777778,0,16.2,0.3,-0.92,Enrolled
17,171,1,125.0,117.0,1,0,1,1,0,22,0,0,0,0.0,0,0,0,0,0.0,0,10.8,1.4,1.74,Enrolled
1,9670,1,117.0,110.7,1,0,1,1,0,20,6,10,5,14.0,0,6,10,6,12.0,0,11.1,0.6,2.02,Enrolled
39,9130,1,150.0,160.0,1,0,1,1,0,24,5,13,4,13.75,0,5,9,3,12.0,0,9.4,-0.8,-3.12,Enrolled
53,9003,1,130.0,130.0,0,1,1,1,0,21,12,20,10,11.8,5,12,15,9,11.444444444444445,0,8.9,1.4,3.51,Enrolled
17,9119,1,127.0,115.8,0,0,1,1,0,20,5,10,4,11.5,0,5,11,0,0.0,0,13.9,-0.3,0.79,Enrolled
1,9773,1,125.0,126.1,1,0,1,1,0,22,6,10,5,13.4,0,6,12,3,10.666666666666666,0,9.4,-0.8,-3.12,Enrolled
1,9147,1,135.0,126.3,0,0,1,1,0,18,5,11,2,13.5,0,5,11,3,12.333333333333334,0,8.9,1.4,3.51,Enrolled
43,9773,1,128.0,124.2,1,0,1,1,0,22,6,17,3,11.333333333333334,0,6,14,3,12.333333333333334,0,15.5,2.8,-4.06,Enrolled
1,9773,1,135.0,136.1,1,0,1,1,0,19,6,9,5,11.4,0,6,13,5,12.4,0,8.9,1.4,3.51,Enrolled
39,9991,0,150.0,120.0,0,0,1,0,0,43,5,11,3,10.666666666666666,1,5,10,4,12.5,0,9.4,-0.8,-3.12,Enrolled
39,9003,1,133.1,129.8,0,0,1,1,0,24,7,7,7,13.571428571428571,0,6,9,5,13.4,0,8.9,1.4,3.51,Enrolled
17,9119,1,135.0,126.6,1,0,1,1,0,18,5,7,4,12.0,0,5,10,3,13.0,3,7.6,2.6,0.32,Enrolled
43,9085,1,160.0,120.0,0,0,1,1,0,21,5,11,0,0.0,0,5,11,3,11.666666666666666,1,9.4,-0.8,-3.12,Enrolled
39,8014,0,100.0,108.3,0,0,1,1,0,39,6,8,5,11.4,1,6,12,3,11.0,1,7.6,2.6,0.32,Enrolled
39,9500,1,120.0,100.0,0,0,1,1,0,34,7,15,6,11.333333333333334,0,7,16,4,12.6,0,16.2,0.3,-0.92,Enrolled
1,171,1,130.0,118.1,0,1,0,1,0,18,0,0,0,0.0,0,0,0,0,0.0,0,9.4,-0.8,-3.12,Enrolled
15,171,1,130.0,130.0,0,0,1,1,0,21,12,12,12,15.083333333333334,4,11,15,11,13.083333333333334,0,8.9,1.4,3.51,Enrolled
1,9147,1,166.0,146.4,0,0,1,1,0,27,5,12,3,10.0,0,5,12,1,13.0,0,7.6,2.6,0.32,Enrolled
1,9119,1,146.0,148.5,1,0,1,1,0,18,5,7,4,10.0,0,5,8,1,16.0,0,10.8,1.4,1.74,Enrolled
44,9003,1,140.0,140.0,0,0,1,1,1,20,6,11,5,13.833333333333334,0,6,13,6,12.3,0,15.5,2.8,-4.06,Enrolled
44,9130,1,150.0,150.0,1,0,1,1,0,19,6,13,5,11.6,1,6,12,2,11.0,0,13.9,-0.3,0.79,Enrolled
1,9254,1,160.0,140.8,1,0,1,1,0,23,6,8,6,12.666666666666666,0,6,10,5,12.2,0,7.6,2.6,0.32,Enrolled
43,171,1,120.0,120.0,1,0,1,1,0,22,0,0,0,0.0,0,0,0,0,0.0,0,7.6,2.6,0.32,Enrolled
17,9147,1,133.0,123.2,1,0,1,1,0,20,5,7,3,12.666666666666666,0,5,12,2,12.5,0,9.4,-0.8,-3.12,Enrolled
17,9773,1,124.0,127.9,1,0,1,1,0,20,6,11,3,13.666666666666666,0,6,13,4,10.25,0,9.4,-0.8,-3.12,Enrolled
1,9147,1,128.0,120.3,0,0,1,1,0,19,5,9,5,10.8,0,5,13,2,13.5,0,8.9,1.4,3.51,Enrolled
15,9500,1,190.0,190.0,1,0,1,0,0,18,7,15,4,11.575,0,7,10,5,12.419999999999998,0,12.4,0.5,1.79,Enrolled
17,9119,1,122.0,121.0,1,0,1,1,0,20,5,10,4,14.25,0,5,14,1,10.0,0,8.9,1.4,3.51,Enrolled
17,9130,1,138.0,126.3,1,0,1,0,1,18,6,7,6,12.833333333333334,0,6,8,6,13.0,0,8.9,1.4,3.51,Enrolled
17,9853,1,141.0,130.2,1,0,1,0,0,19,6,8,5,11.4,0,6,7,4,10.75,0,12.7,3.7,-1.7,Enrolled
43,9130,1,100.0,100.0,0,0,1,0,0,19,5,10,5,14.857142857142858,0,5,7,5,15.142857142857142,0,9.4,-0.8,-3.12,Enrolled
44,9003,1,140.0,140.0,0,0,1,0,0,19,6,18,3,11.666666666666666,0,6,14,4,11.5,0,15.5,2.8,-4.06,Enrolled
17,9070,1,145.0,153.1,1,0,1,0,1,20,6,6,6,12.5,0,6,6,6,14.333333333333334,0,12.7,3.7,-1.7,Enrolled
18,9119,1,134.0,124.9,1,1,1,1,0,18,5,11,3,10.666666666666666,0,5,9,3,11.333333333333334,0,8.9,1.4,3.51,Enrolled
1,9119,1,163.0,150.8,1,0,1,1,0,18,5,9,4,10.5,0,5,11,2,10.5,3,7.6,2.6,0.32,Enrolled
1,171,1,165.0,163.6,1,0,1,0,0,18,0,0,0,0.0,0,0,0,0,0.0,0,12.4,0.5,1.79,Enrolled
43,9147,1,142.0,115.0,0,0,1,0,0,19,5,11,5,11.5,0,5,9,2,10.666666666666666,0,13.9,-0.3,0.79,Enrolled
1,9238,1,133.0,126.0,0,0,1,0,0,20,6,11,1,12.0,0,5,10,0,0.0,0,9.4,-0.8,-3.12,Enrolled
39,8014,0,140.0,105.0,0,0,1,0,0,26,6,14,3,10.666666666666666,0,6,9,5,11.2,0,15.5,2.8,-4.06,Enrolled
39,9147,1,133.1,139.4,0,1,1,0,0,41,5,6,5,11.6,0,5,8,5,12.2,0,7.6,2.6,0.32,Enrolled
39,9991,0,150.0,138.5,0,0,1,0,0,26,5,10,4,12.0,0,5,9,4,11.25,0,12.7,3.7,-1.7,Enrolled
18,9147,1,115.0,108.7,1,0,1,0,0,21,5,8,3,12.0,0,5,9,3,12.666666666666666,0,9.4,-0.8,-3.12,Enrolled
1,9147,1,133.1,106.0,1,0,1,0,0,24,5,11,2,10.5,0,5,14,1,11.0,0,12.7,3.7,-1.7,Enrolled
1,9853,1,134.0,127.4,1,0,1,0,0,18,6,7,5,12.2,0,6,7,5,12.2,0,10.8,1.4,1.74,Enrolled
1,9853,1,133.1,95.0,1,1,0,0,0,22,7,10,6,11.5,0,7,8,6,13.166666666666666,0,11.1,0.6,2.02,Enrolled
17,9147,1,115.0,115.0,1,0,1,0,0,23,5,7,2,10.0,0,5,9,1,12.0,0,9.4,-0.8,-3.12,Enrolled
17,9085,1,130.0,121.3,1,0,1,0,0,21,5,14,2,13.0,0,5,8,4,12.0,1,9.4,-0.8,-3.12,Enrolled
17,9853,1,118.0,121.2,1,0,1,0,0,18,6,8,5,13.4,0,6,7,5,12.0,0,7.6,2.6,0.32,Enrolled
17,9254,1,122.0,112.9,1,0,1,0,0,22,6,14,4,12.25,0,6,11,3,11.333333333333334,0,7.6,2.6,0.32,Enrolled
42,9070,1,100.0,115.9,0,0,1,0,0,29,10,15,9,11.555555555555555,7,11,17,10,11.9,0,9.4,-0.8,-3.12,Enrolled
1,9500,1,137.0,125.3,0,0,1,1,0,19,7,7,7,12.2,0,7,7,7,12.2,0,7.6,2.6,0.32,Enrolled
1,9147,1,120.0,111.3,0,0,1,1,1,18,5,10,4,10.8,0,5,10,4,11.75,0,15.5,2.8,-4.06,Enrolled
39,9991,0,120.0,144.8,0,0,1,1,0,28,5,7,4,12.75,0,5,7,5,14.333333333333334,0,10.8,1.4,1.74,Enrolled
1,9670,1,132.0,129.9,1,0,1,1,0,20,6,10,6,12.714285714285714,0,6,8,4,13.0,0,12.4,0.5,1.79,Enrolled
43,9070,1,150.0,126.4,0,0,1,1,0,26,7,8,7,13.285714285714286,3,8,11,7,12.142857142857142,0,12.4,0.5,1.79,Enrolled
1,9500,1,127.0,121.4,0,0,1,1,0,20,7,10,5,13.976666666666668,0,8,9,8,13.22222222222222,0,12.4,0.5,1.79,Enrolled
17,9853,1,114.0,111.9,1,0,1,1,1,20,6,6,6,12.0,0,6,7,6,12.5,0,7.6,2.6,0.32,Enrolled
39,9500,1,133.1,100.5,1,0,1,1,0,43,8,8,7,11.635714285714286,0,8,8,7,11.635714285714286,0,10.8,1.4,1.74,Enrolled
17,9119,1,138.0,123.3,1,1,1,1,0,18,5,9,4,12.5,0,5,11,5,11.285714285714286,0,12.4,0.5,1.79,Enrolled
39,9991,0,160.0,114.3,0,0,1,1,0,40,5,9,3,11.0,0,5,8,4,12.5,1,7.6,2.6,0.32,Enrolled
1,9254,1,133.1,97.0,0,0,1,1,0,27,6,6,6,10.666666666666666,0,6,8,4,11.25,0,10.8,1.4,1.74,Enrolled
44,9003,1,140.0,140.0,1,1,1,1,0,26,6,6,0,0.0,0,6,7,0,0.0,0,8.9,1.4,3.51,Enrolled
1,9119,1,126.0,122.5,1,0,1,1,0,20,5,7,5,10.8,0,5,9,3,12.0,0,8.9,1.4,3.51,Enrolled
51,9147,1,130.0,115.7,0,0,1,1,0,20,5,7,5,11.0,0,5,7,3,10.0,0,8.9,1.4,3.51,Enrolled
1,9119,1,140.0,166.0,1,1,1,1,0,20,5,7,0,0.0,0,5,5,0,0.0,0,9.4,-0.8,-3.12,Enrolled
39,9500,1,120.0,125.3,0,1,1,1,0,30,7,12,4,14.4,0,7,9,6,13.5,0,12.4,0.5,1.79,Enrolled
17,9670,1,115.0,109.1,0,1,0,1,0,21,6,11,4,12.25,0,6,9,4,13.4,0,11.1,0.6,2.02,Enrolled
17,9670,1,109.0,108.0,0,0,1,1,0,19,5,10,0,0.0,0,5,5,0,0.0,0,7.6,2.6,0.32,Enrolled
39,9556,1,160.0,130.0,0,0,1,0,0,25,7,14,7,11.95,0,8,15,7,12.042857142857144,0,12.7,3.7,-1.7,Enrolled
39,9556,1,110.0,112.8,0,0,1,0,1,26,7,7,0,0.0,0,8,8,0,0.0,6,10.8,1.4,1.74,Enrolled
17,9147,1,129.0,128.3,1,0,1,0,0,19,5,10,3,11.0,0,5,9,4,11.75,0,12.7,3.7,-1.7,Enrolled
43,9085,1,127.0,100.0,0,0,1,0,0,21,6,11,4,11.75,0,6,12,3,13.666666666666666,0,13.9,-0.3,0.79,Enrolled
1,9130,1,138.0,123.0,1,0,1,0,0,21,5,12,1,11.0,0,5,9,2,10.5,0,12.7,3.7,-1.7,Enrolled
39,9085,1,130.0,120.0,0,0,0,0,0,26,6,8,6,15.428571428571429,0,6,7,5,14.5,0,11.1,0.6,2.02,Enrolled
1,9500,1,131.0,122.0,1,0,1,0,0,20,8,8,7,14.014285714285714,0,8,8,7,14.014285714285714,0,12.7,3.7,-1.7,Enrolled
17,9238,1,118.0,110.7,1,0,1,0,0,18,6,15,2,10.333333333333334,0,6,13,3,13.333333333333334,0,12.7,3.7,-1.7,Enrolled
1,9500,1,106.0,102.2,1,1,1,1,0,20,7,7,7,12.401428571428571,0,8,10,6,11.808333333333332,0,11.1,0.6,2.02,Enrolled
44,9003,1,120.0,120.0,0,0,1,1,0,23,6,6,0,0.0,0,6,8,0,0.0,0,15.5,2.8,-4.06,Enrolled
44,9003,1,130.0,130.0,0,0,1,1,0,20,6,12,4,10.8,0,6,13,4,12.0,0,12.4,0.5,1.79,Enrolled
43,8014,0,120.0,100.0,0,0,1,0,0,45,9,13,8,11.0,3,7,10,6,10.833333333333334,0,12.7,3.7,-1.7,Enrolled
39,8014,0,100.0,111.0,1,0,1,0,1,26,6,10,3,12.333333333333334,0,6,14,3,11.666666666666666,0,7.6,2.6,0.32,Enrolled
39,9991,0,130.0,130.1,0,0,1,0,0,25,5,8,3,11.0,0,5,8,3,11.25,0,10.8,1.4,1.74,Enrolled
1,9500,1,124.0,117.5,1,0,1,1,0,19,8,10,5,12.858,0,8,10,5,12.858,3,9.4,-0.8,-3.12,Enrolled
1,9500,1,126.0,120.2,0,0,1,0,1,19,7,9,5,14.06,0,7,9,7,11.242857142857142,0,12.4,0.5,1.79,Enrolled
17,171,1,141.0,136.1,1,0,1,0,1,18,0,0,0,0.0,0,0,0,0,0.0,0,12.7,3.7,-1.7,Enrolled
43,9670,1,129.0,122.4,1,0,1,0,0,19,5,5,4,13.75,0,6,9,5,12.6,0,12.7,3.7,-1.7,Enrolled
43,9773,1,119.0,105.0,1,0,1,0,0,23,6,11,3,11.333333333333334,0,6,7,2,11.0,0,16.2,0.3,-0.92,Enrolled
1,9238,1,132.0,129.9,1,0,1,0,0,20,6,7,5,13.2,0,6,6,6,12.666666666666666,0,10.8,1.4,1.74,Enrolled
1,9670,1,120.0,111.3,1,0,1,1,0,19,5,7,3,11.333333333333334,0,5,7,4,11.0,0,9.4,-0.8,-3.12,Enrolled
39,9991,0,130.0,127.6,0,0,1,1,0,29,5,5,0,0.0,0,5,5,0,0.0,0,7.6,2.6,0.32,Enrolled
1,9670,1,122.0,126.6,1,0,1,0,0,18,6,8,6,14.625,0,6,9,6,14.142857142857142,0,11.1,0.6,2.02,Enrolled
1,9500,1,126.0,120.1,1,0,1,0,0,19,7,12,4,13.375,0,7,8,6,12.116666666666667,0,12.4,0.5,1.79,Enrolled
1,9147,1,129.0,117.8,0,0,1,0,1,19,5,6,4,11.0,0,5,9,4,13.857142857142858,0,10.8,1.4,1.74,Enrolled
43,9773,1,127.0,117.6,1,0,1,0,0,18,6,6,0,0.0,0,6,10,3,11.0,0,16.2,0.3,-0.92,Enrolled
17,9670,1,115.0,109.1,1,0,1,0,1,19,6,7,6,13.285714285714286,0,6,9,5,14.6,0,12.4,0.5,1.79,Enrolled
1,9500,1,125.0,120.3,1,0,1,0,0,19,7,11,5,11.716666666666669,0,7,8,5,13.7,0,13.9,-0.3,0.79,Enrolled
1,9070,1,129.0,136.4,1,0,1,0,0,18,6,6,6,12.333333333333334,0,6,6,6,12.833333333333334,0,7.6,2.6,0.32,Enrolled
17,9147,1,137.0,124.4,1,0,1,0,0,18,5,5,5,12.6,0,5,5,4,11.0,0,11.1,0.6,2.02,Enrolled
39,9003,1,150.0,120.0,0,1,0,0,0,34,6,10,6,14.333333333333334,0,6,9,6,12.833333333333334,0,11.1,0.6,2.02,Enrolled
1,9670,1,117.0,111.8,0,0,1,0,0,22,5,8,3,12.0,0,5,9,2,11.0,1,7.6,2.6,0.32,Enrolled
39,9147,1,140.0,108.0,0,0,1,0,0,50,5,12,3,13.333333333333334,0,5,8,5,12.2,0,9.4,-0.8,-3.12,Enrolled
39,9085,1,130.0,110.0,0,0,1,0,1,25,6,13,3,11.666666666666666,0,6,14,2,11.333333333333334,0,11.1,0.6,2.02,Enrolled
39,9991,0,120.0,119.9,0,0,1,0,0,50,5,9,2,10.5,0,5,7,3,11.0,0,12.7,3.7,-1.7,Enrolled
43,8014,0,133.1,106.0,1,0,1,0,0,48,6,9,5,13.0,0,6,10,4,12.5,0,7.6,2.6,0.32,Enrolled
39,9147,1,110.0,140.0,0,0,1,0,0,41,5,14,4,14.5,0,5,12,5,13.0,0,9.4,-0.8,-3.12,Enrolled
43,9991,0,140.0,117.3,0,0,1,0,0,28,10,15,6,10.666666666666666,5,10,17,9,11.333333333333334,1,7.6,2.6,0.32,Enrolled
51,9147,1,160.0,118.0,0,0,1,0,0,53,15,15,15,11.8,12,13,13,12,11.666666666666666,1,8.9,1.4,3.51,Enrolled
39,8014,0,120.0,106.8,0,0,1,0,0,49,6,9,5,12.333333333333334,0,6,12,4,11.5,0,13.9,-0.3,0.79,Enrolled
43,9238,1,122.0,114.3,1,0,1,0,0,22,10,15,8,11.0,2,7,16,5,11.2,0,9.4,-0.8,-3.12,Enrolled
39,9991,0,120.0,147.8,0,0,1,0,0,40,5,9,4,11.25,0,5,6,5,12.0,0,13.9,-0.3,0.79,Enrolled
43,9991,0,120.0,120.0,0,0,1,0,0,36,12,21,11,11.5,7,12,22,12,11.4375,0,9.4,-0.8,-3.12,Enrolled
39,8014,0,133.1,119.0,0,0,1,0,1,48,6,7,6,10.666666666666666,0,6,9,5,11.8,0,10.8,1.4,1.74,Enrolled
39,8014,0,155.0,117.5,0,0,1,0,0,34,6,6,4,13.25,0,6,6,0,0.0,0,12.7,3.7,-1.7,Enrolled
1,9500,1,136.0,127.0,1,0,1,0,0,19,8,10,1,13.67,0,8,10,1,13.67,7,9.4,-0.8,-3.12,Enrolled
39,9991,0,110.0,127.1,0,0,1,0,0,34,5,9,4,11.0,0,5,10,4,10.75,1,7.6,2.6,0.32,Enrolled
39,9556,1,133.1,152.8,1,0,1,0,0,28,7,9,7,12.428571428571429,0,8,8,8,12.3,0,12.4,0.5,1.79,Enrolled
39,9670,1,100.0,100.0,0,0,1,0,0,35,5,8,5,11.4,0,5,7,3,12.333333333333334,0,9.4,-0.8,-3.12,Enrolled
17,9500,1,138.0,133.0,1,0,1,0,0,18,8,8,0,0.0,0,8,8,0,0.0,5,9.4,-0.8,-3.12,Enrolled
5,9085,1,150.0,139.4,0,0,1,0,0,18,5,9,3,12.0,0,5,6,4,13.0,0,7.6,2.6,0.32,Enrolled
43,9853,1,118.0,110.0,1,0,1,0,0,20,6,10,4,12.25,0,6,8,4,11.5,0,10.8,1.4,1.74,Enrolled
1,9254,1,137.0,125.1,1,0,1,0,0,18,6,10,4,11.75,0,6,9,5,11.2,0,7.6,2.6,0.32,Enrolled
17,9147,1,120.0,112.0,0,0,1,0,0,20,5,10,4,11.0,0,5,7,4,11.5,0,15.5,2.8,-4.06,Enrolled
39,9500,1,148.0,130.0,0,0,1,0,0,24,8,12,7,12.714285714285714,0,8,12,7,12.714285714285714,0,12.7,3.7,-1.7,Enrolled
17,9147,1,127.0,124.6,1,0,1,0,1,19,5,12,2,10.0,0,5,11,4,11.75,0,11.1,0.6,2.02,Enrolled
1,9773,1,137.0,139.8,1,0,1,0,0,18,6,10,6,12.571428571428571,0,6,11,6,12.571428571428571,0,10.8,1.4,1.74,Enrolled
17,9500,1,130.0,128.8,1,0,1,0,0,18,7,8,6,13.39,0,8,10,7,12.757142857142856,0,11.1,0.6,2.02,Enrolled
1,9085,1,146.0,126.0,0,0,1,0,0,19,5,7,3,12.333333333333334,0,5,7,4,10.25,0,7.6,2.6,0.32,Enrolled
42,9147,1,139.0,112.3,1,0,1,0,0,19,5,8,2,11.5,0,5,10,3,10.857142857142858,0,10.8,1.4,1.74,Enrolled
1,9773,1,130.0,137.4,0,0,1,0,0,19,6,6,6,15.0,0,6,7,6,14.0,0,15.5,2.8,-4.06,Enrolled
1,9500,1,140.0,124.3,1,0,1,0,0,19,7,9,5,12.32,0,7,9,5,11.9,0,12.4,0.5,1.79,Enrolled
1,9670,1,121.0,111.9,1,0,1,1,1,20,6,7,6,11.333333333333334,0,6,10,4,10.571428571428571,0,10.8,1.4,1.74,Enrolled
39,9119,1,130.0,149.0,1,0,1,1,0,33,5,10,4,12.0,0,5,8,3,13.666666666666666,1,7.6,2.6,0.32,Enrolled
1,9670,1,132.0,143.6,1,0,1,1,0,20,6,8,5,12.8,0,6,10,5,11.6,0,13.9,-0.3,0.79,Enrolled
43,9119,1,130.0,128.0,0,1,0,1,0,27,5,5,0,0.0,0,5,7,0,0.0,0,13.9,-0.3,0.79,Enrolled
7,9147,1,110.0,110.0,0,0,1,0,0,33,8,10,6,12.833333333333334,2,5,8,4,12.0,0,11.1,0.6,2.02,Enrolled
17,9853,1,128.0,128.4,1,0,1,0,1,20,6,10,5,13.2,0,6,12,5,12.833333333333334,0,9.4,-0.8,-3.12,Enrolled
1,9238,1,138.0,135.9,1,0,1,0,0,19,6,11,5,11.6,0,6,11,6,11.666666666666666,0,7.6,2.6,0.32,Enrolled
1,9773,1,127.0,121.1,1,0,1,0,0,18,6,6,6,13.166666666666666,0,6,6,6,12.5,0,15.5,2.8,-4.06,Enrolled
1,9670,1,143.0,144.1,1,0,1,0,0,19,6,7,5,12.6,0,6,10,5,12.375,0,10.8,1.4,1.74,Enrolled
1,9085,1,133.1,115.0,1,0,1,0,0,21,5,8,3,11.333333333333334,0,5,8,3,13.333333333333334,0,12.7,3.7,-1.7,Enrolled
17,9670,1,125.0,118.4,1,0,1,0,1,19,5,8,3,10.5,0,5,6,4,11.75,1,7.6,2.6,0.32,Enrolled
17,9238,1,126.0,116.9,1,0,1,0,0,21,6,11,6,10.375,0,6,12,3,11.666666666666666,0,12.7,3.7,-1.7,Enrolled
1,9500,1,122.0,119.6,1,0,1,0,0,21,7,8,6,13.25,0,8,8,8,13.8375,0,13.9,-0.3,0.79,Enrolled
17,9500,1,141.0,135.4,1,0,1,0,0,18,7,9,7,12.50625,0,8,15,5,13.2,0,13.9,-0.3,0.79,Enrolled
1,9853,1,129.0,126.9,1,0,1,0,1,19,6,9,5,12.2,0,6,10,4,11.5,0,7.6,2.6,0.32,Enrolled
1,9500,1,101.0,102.4,0,0,1,0,0,20,7,9,5,12.04,0,7,9,6,11.77142857142857,0,12.4,0.5,1.79,Enrolled
17,9147,1,125.0,125.7,0,0,1,0,0,20,5,7,5,11.166666666666666,0,5,9,4,10.75,0,15.5,2.8,-4.06,Enrolled
1,9130,1,117.0,109.3,1,0,1,0,0,20,5,10,4,12.5,0,5,12,2,13.0,0,12.7,3.7,-1.7,Enrolled
1,9500,1,125.0,115.6,1,0,1,0,0,18,7,9,6,12.183333333333332,0,7,9,6,11.783333333333331,0,16.2,0.3,-0.92,Enrolled
1,9147,1,130.0,117.8,0,0,1,0,0,18,5,8,2,10.0,0,5,9,3,11.333333333333334,0,7.6,2.6,0.32,Enrolled
17,9254,1,121.0,123.1,1,0,1,1,0,21,6,11,6,11.166666666666666,0,6,14,3,14.666666666666666,0,7.6,2.6,0.32,Enrolled
43,9070,1,135.0,122.8,1,0,1,1,1,20,6,8,3,11.0,0,6,8,2,11.333333333333334,0,10.8,1.4,1.74,Enrolled
17,9238,1,131.0,120.2,1,0,1,0,1,19,6,9,5,11.333333333333334,0,6,6,6,10.833333333333334,0,13.9,-0.3,0.79,Enrolled
43,9500,1,140.0,125.7,1,0,1,1,1,19,7,8,5,11.2,0,7,8,5,11.2,0,7.6,2.6,0.32,Enrolled
39,9119,1,130.0,137.0,1,0,1,1,0,28,5,11,4,10.5,0,5,12,4,11.0,4,7.6,2.6,0.32,Enrolled
1,9147,1,122.0,116.4,0,0,1,1,0,21,5,10,3,11.25,0,5,9,3,11.0,0,15.5,2.8,-4.06,Enrolled
51,9991,0,120.0,128.2,0,1,1,1,0,24,10,15,7,10.714285714285714,3,10,11,9,12.555555555555555,0,12.4,0.5,1.79,Enrolled
42,9003,1,140.0,140.0,1,0,1,1,0,23,6,14,5,12.0,0,6,12,5,12.142857142857142,0,15.5,2.8,-4.06,Enrolled
1,9773,1,127.0,122.8,1,0,1,1,0,20,6,7,6,12.166666666666666,0,6,9,3,12.0,0,12.4,0.5,1.79,Enrolled
1,171,1,124.0,118.4,1,0,1,1,0,18,0,0,0,0.0,0,0,0,0,0.0,0,7.6,2.6,0.32,Enrolled
43,8014,0,148.0,134.7,0,0,1,0,0,23,13,15,9,11.0,4,11,12,7,11.571428571428571,0,15.5,2.8,-4.06,Enrolled
44,9085,1,150.0,150.0,1,0,1,0,0,23,6,11,4,11.5,0,6,12,4,12.2,0,8.9,1.4,3.51,Enrolled
39,9147,1,130.0,142.5,0,0,1,0,0,39,5,8,4,11.25,0,5,8,4,11.5,0,11.1,0.6,2.02,Enrolled
1,9670,1,113.0,110.2,1,0,1,0,0,22,5,7,3,12.666666666666666,0,5,6,4,12.0,0,7.6,2.6,0.32,Enrolled
39,9991,0,133.1,130.4,0,0,1,0,0,30,5,10,3,10.666666666666666,0,5,8,5,10.4,0,12.7,3.7,-1.7,Enrolled
39,9991,0,140.0,110.0,0,0,1,0,1,35,5,9,3,11.666666666666666,0,5,7,5,11.8,0,12.7,3.7,-1.7,Enrolled
43,9500,1,120.0,120.0,1,0,1,0,0,26,7,8,6,12.0,0,7,8,6,12.0,0,7.6,2.6,0.32,Enrolled
53,9147,1,130.0,132.4,0,0,1,0,0,30,11,20,9,12.22222222222222,3,9,16,9,11.6,0,8.9,1.4,3.51,Enrolled
39,9991,0,162.0,132.0,0,1,1,1,0,25,5,8,4,11.0,0,5,7,4,12.0,0,7.6,2.6,0.32,Enrolled
17,9500,1,132.0,130.8,1,0,1,0,0,18,8,8,7,13.68142857142857,0,8,8,7,13.68142857142857,0,10.8,1.4,1.74,Enrolled
43,9500,1,133.1,114.5,0,0,1,0,0,23,7,11,6,12.1,0,7,7,6,12.616666666666667,0,16.2,0.3,-0.92,Enrolled
17,9500,1,126.0,126.2,1,0,1,0,1,18,7,10,5,11.94,0,7,8,6,12.8,0,11.1,0.6,2.02,Enrolled
51,9070,1,133.1,106.6,0,1,1,0,0,31,6,8,5,11.0,4,6,12,6,10.166666666666666,0,8.9,1.4,3.51,Enrolled
1,9254,1,120.0,118.3,0,0,1,1,0,20,6,8,6,12.857142857142858,0,6,9,5,12.4,0,8.9,1.4,3.51,Enrolled
1,171,1,123.0,118.8,0,0,1,1,0,19,10,10,5,11.0,2,7,8,2,10.0,0,8.9,1.4,3.51,Enrolled
39,9119,1,120.0,116.0,0,1,1,1,1,34,5,14,1,17.0,0,5,10,2,11.0,0,9.4,-0.8,-3.12,Enrolled
17,9147,1,110.0,99.0,0,0,1,1,0,21,5,5,5,11.0,0,5,11,3,11.428571428571429,0,10.8,1.4,1.74,Enrolled
17,9773,1,129.0,132.5,1,0,1,1,0,21,6,7,0,0.0,0,6,11,1,10.0,0,10.8,1.4,1.74,Enrolled
17,9670,1,140.0,133.4,0,0,1,1,0,24,6,6,4,11.25,0,6,9,4,10.428571428571429,0,10.8,1.4,1.74,Enrolled
17,9670,1,138.0,123.0,0,1,0,1,0,20,6,7,5,12.4,0,6,8,4,13.0,0,13.9,-0.3,0.79,Enrolled
1,9119,1,160.0,153.7,0,0,1,1,0,19,5,7,1,13.0,0,5,7,2,10.0,0,9.4,-0.8,-3.12,Enrolled
1,8014,0,123.0,127.6,1,0,1,1,0,26,6,6,6,11.833333333333334,0,6,6,6,11.666666666666666,0,10.8,1.4,1.74,Enrolled
44,9119,1,130.0,130.0,0,0,1,1,0,20,5,12,1,13.0,0,5,8,3,12.6,0,12.4,0.5,1.79,Enrolled
1,9147,1,143.0,135.0,1,0,1,0,0,21,5,8,4,11.0,0,5,8,5,12.0,0,7.6,2.6,0.32,Enrolled
1,9991,0,122.0,113.6,0,0,1,1,0,26,5,11,2,11.5,0,5,10,3,12.0,0,7.6,2.6,0.32,Enrolled
1,9500,1,145.0,132.3,1,0,1,0,1,19,8,8,7,14.06,0,8,8,7,14.06,0,10.8,1.4,1.74,Enrolled
1,9147,1,137.0,124.4,0,0,1,0,0,19,5,6,4,11.25,0,5,10,3,11.714285714285714,0,10.8,1.4,1.74,Enrolled
1,9085,1,127.0,122.8,1,0,1,0,0,19,5,10,2,14.5,0,5,9,3,11.333333333333334,0,12.7,3.7,-1.7,Enrolled
43,9238,1,109.0,108.3,0,0,1,0,1,21,6,15,2,10.5,0,6,8,5,12.4,0,10.8,1.4,1.74,Enrolled
1,9147,1,129.0,118.9,1,0,1,0,0,19,5,8,4,12.8,0,5,10,3,14.5,0,10.8,1.4,1.74,Enrolled
43,9147,1,131.0,126.1,0,0,1,0,0,18,5,5,0,0.0,0,5,9,4,13.25,2,16.2,0.3,-0.92,Enrolled
1,9670,1,126.0,125.7,0,0,1,0,0,20,6,9,6,13.571428571428571,0,6,10,5,13.6,0,15.5,2.8,-4.06,Enrolled
43,9991,0,134.0,113.7,0,0,1,0,0,32,5,5,5,10.2,0,5,9,4,11.25,0,9.4,-0.8,-3.12,Enrolled
16,9853,1,134.0,121.1,1,0,1,0,0,19,6,8,5,12.2,0,6,8,5,11.8,0,10.8,1.4,1.74,Enrolled
5,9670,1,135.0,140.3,1,0,1,0,0,19,6,7,6,13.428571428571429,0,6,6,4,14.0,0,12.4,0.5,1.79,Enrolled
17,9147,1,139.0,133.4,0,0,1,0,0,18,5,9,1,11.0,0,5,10,0,0.0,0,9.4,-0.8,-3.12,Enrolled
17,9500,1,136.0,125.7,1,0,1,0,0,20,7,8,6,13.548333333333334,0,8,11,6,14.775,0,11.1,0.6,2.02,Enrolled
1,9773,1,143.0,144.8,0,0,1,0,0,19,6,6,6,12.166666666666666,0,6,6,6,12.5,0,16.2,0.3,-0.92,Enrolled
18,9147,1,100.0,101.8,1,0,1,0,0,24,5,5,5,10.8,0,5,11,2,11.0,0,10.8,1.4,1.74,Enrolled
43,9991,0,120.0,122.5,1,0,1,0,0,29,13,16,8,10.5,8,12,19,9,10.333333333333334,0,9.4,-0.8,-3.12,Enrolled
17,9556,1,133.0,119.0,0,0,1,0,0,19,7,10,6,11.15,0,7,7,7,12.814285714285717,0,12.7,3.7,-1.7,Enrolled
1,9670,1,120.0,115.1,0,0,1,0,0,19,6,8,3,11.666666666666666,0,6,11,5,13.625,0,10.8,1.4,1.74,Enrolled
39,9991,0,130.0,151.6,0,0,1,0,0,24,5,9,5,12.285714285714286,0,5,8,5,12.125,0,16.2,0.3,-0.92,Enrolled
39,9500,1,133.1,121.4,0,1,1,0,0,28,7,12,4,13.375,0,7,7,5,13.5,0,13.9,-0.3,0.79,Enrolled
43,9500,1,130.0,103.7,0,0,1,0,0,38,8,12,5,13.126,1,8,12,5,13.126,1,10.8,1.4,1.74,Enrolled
1,9853,1,160.0,146.0,1,0,1,0,0,19,6,11,3,10.333333333333334,0,6,10,5,11.8,0,9.4,-0.8,-3.12,Enrolled
1,9147,1,124.0,128.6,1,0,1,0,0,20,5,5,4,12.0,0,4,4,2,11.5,0,7.6,2.6,0.32,Enrolled
1,9991,0,140.0,124.6,0,0,1,0,0,29,5,11,5,11.4,0,5,10,4,10.25,0,15.5,2.8,-4.06,Enrolled
1,9500,1,135.0,124.0,1,0,1,0,1,19,8,8,7,12.771428571428572,0,8,8,7,12.771428571428572,1,9.4,-0.8,-3.12,Enrolled
39,9238,1,160.0,124.0,0,1,1,1,0,28,8,15,7,11.0,0,6,17,1,10.0,0,10.8,1.4,1.74,Enrolled
39,9003,1,160.0,140.0,0,0,1,1,0,27,6,6,0,0.0,0,6,6,0,0.0,0,11.1,0.6,2.02,Enrolled
1,9147,1,130.0,119.5,1,0,1,1,1,18,5,7,4,11.25,0,5,6,4,12.25,0,12.4,0.5,1.79,Enrolled
44,9130,1,140.0,140.0,0,0,1,1,0,20,6,12,5,12.4,1,6,11,2,15.0,0,13.9,-0.3,0.79,Enrolled
43,9773,1,121.0,121.0,1,0,1,1,0,23,6,15,1,13.0,0,6,8,4,11.25,0,9.4,-0.8,-3.12,Enrolled
43,9670,1,117.0,113.2,0,0,1,1,0,21,5,11,2,10.0,0,5,10,3,10.333333333333334,0,9.4,-0.8,-3.12,Enrolled
39,9991,0,150.0,146.0,0,0,1,1,0,34,5,5,5,14.2,0,5,5,5,14.6,0,12.7,3.7,-1.7,Enrolled
1,9500,1,118.0,115.7,0,0,1,1,0,20,7,9,5,12.7,0,8,9,7,13.475,0,13.9,-0.3,0.79,Enrolled
42,9003,1,120.0,128.2,1,0,1,1,0,24,9,13,8,13.333333333333334,5,10,12,9,13.11111111111111,0,16.2,0.3,-0.92,Enrolled
39,9991,0,100.0,140.0,0,0,1,1,0,39,5,7,4,12.25,0,5,7,4,12.75,0,15.5,2.8,-4.06,Enrolled
17,9085,1,120.0,122.5,0,0,0,1,0,19,6,11,5,13.6,0,6,11,5,13.666666666666666,0,11.1,0.6,2.02,Enrolled
39,9991,0,133.1,121.5,0,0,1,1,0,38,5,11,2,10.5,0,5,9,3,11.333333333333334,1,7.6,2.6,0.32,Enrolled
1,9500,1,135.0,135.4,1,0,1,1,0,21,7,9,6,12.565,0,8,12,5,12.16,0,11.1,0.6,2.02,Enrolled
17,9670,1,123.0,122.0,0,1,1,1,0,19,6,7,6,13.166666666666666,0,6,9,5,13.2,0,8.9,1.4,3.51,Enrolled
39,9254,1,133.1,119.3,1,0,1,1,0,25,6,7,6,11.166666666666666,0,6,11,4,11.8,0,9.4,-0.8,-3.12,Enrolled
1,9070,1,140.0,125.0,1,0,1,1,0,19,6,7,6,12.666666666666666,0,6,8,6,12.142857142857142,0,9.4,-0.8,-3.12,Enrolled
39,9500,1,133.1,100.0,0,0,1,1,0,33,7,7,5,13.06,0,7,9,0,0.0,0,16.2,0.3,-0.92,Enrolled
1,9119,1,140.0,125.7,1,0,1,1,0,18,5,5,0,0.0,0,5,5,0,0.0,0,9.4,-0.8,-3.12,Enrolled
17,9147,1,120.0,115.5,1,1,0,1,0,19,5,8,4,12.5,0,5,9,5,10.5,0,8.9,1.4,3.51,Enrolled
1,9147,1,124.0,116.7,1,0,1,1,0,19,5,6,0,0.0,0,5,6,0,0.0,0,7.6,2.6,0.32,Enrolled
17,9500,1,132.0,125.5,1,0,1,1,0,18,8,8,7,13.154285714285717,0,8,8,7,13.154285714285717,0,10.8,1.4,1.74,Enrolled
1,9130,1,130.0,117.6,0,0,1,1,0,19,5,14,2,11.5,0,5,8,5,11.4,3,9.4,-0.8,-3.12,Enrolled
44,9003,1,150.0,150.0,0,0,1,1,0,22,6,12,3,13.333333333333334,0,6,12,3,12.75,0,15.5,2.8,-4.06,Enrolled
17,9119,1,135.0,121.7,1,0,1,1,0,18,5,7,5,11.8,0,5,9,3,12.0,0,8.9,1.4,3.51,Enrolled
43,171,1,144.0,121.6,0,0,1,1,0,22,0,0,0,0.0,0,0,0,0,0.0,0,13.9,-0.3,0.79,Enrolled
1,171,1,133.1,117.0,0,1,1,1,0,19,0,0,0,0.0,0,0,0,0,0.0,0,15.5,2.8,-4.06,Enrolled
44,9119,1,130.0,130.0,1,0,1,1,0,19,5,9,2,12.5,0,5,10,3,11.6,0,12.4,0.5,1.79,Enrolled
15,9119,1,133.1,100.0,0,1,1,1,0,24,8,8,7,13.142857142857142,1,6,8,6,11.833333333333334,0,8.9,1.4,3.51,Enrolled
1,9119,1,148.0,129.8,0,0,0,1,1,18,5,6,5,15.0,0,5,6,5,14.2,0,8.9,1.4,3.51,Enrolled
1,9238,1,135.0,121.0,0,0,1,0,0,20,6,13,1,10.0,0,6,13,1,13.0,0,9.4,-0.8,-3.12,Enrolled
1,9773,1,145.0,131.0,1,0,1,0,1,18,6,6,6,12.166666666666666,0,6,10,5,11.2,0,7.6,2.6,0.32,Enrolled
44,9238,1,140.0,136.1,1,1,1,0,0,21,6,8,3,12.0,2,6,6,2,12.5,0,12.4,0.5,1.79,Enrolled
39,9853,1,133.1,108.0,0,1,0,0,0,33,7,7,7,12.857142857142858,0,7,8,6,12.666666666666666,0,8.9,1.4,3.51,Enrolled
39,9085,1,133.1,144.9,1,0,1,0,0,26,6,11,3,11.75,0,6,19,4,12.8,0,12.4,0.5,1.79,Enrolled
43,9670,1,110.0,110.0,0,0,1,0,0,21,6,8,5,11.833333333333334,0,6,8,4,13.25,2,16.2,0.3,-0.92,Enrolled
44,9085,1,140.0,140.0,1,0,1,0,0,20,6,13,6,12.555555555555555,1,6,11,5,11.8,0,16.2,0.3,-0.92,Enrolled
44,9085,1,150.0,150.0,0,0,1,0,0,20,5,10,2,14.5,0,5,7,4,11.25,0,12.7,3.7,-1.7,Enrolled
39,9003,1,133.1,140.0,0,0,1,1,0,43,6,8,6,12.875,0,6,14,5,12.142857142857142,0,16.2,0.3,-0.92,Enrolled
39,9147,1,133.1,119.8,0,0,1,1,0,26,5,9,5,12.0,0,5,5,5,10.2,0,11.1,0.6,2.02,Enrolled
43,9130,1,130.0,130.0,1,0,1,1,0,33,5,12,1,13.0,0,5,7,3,14.0,0,9.4,-0.8,-3.12,Enrolled
17,9254,1,119.0,125.0,0,0,1,1,0,19,6,7,5,10.8,0,6,10,2,10.5,0,10.8,1.4,1.74,Enrolled
17,9070,1,131.0,120.2,1,0,1,1,0,18,6,6,6,12.833333333333334,0,6,8,5,11.4,0,15.5,2.8,-4.06,Enrolled
1,9147,1,120.0,111.6,0,1,1,1,1,21,5,5,5,12.6,0,5,9,3,12.833333333333334,0,10.8,1.4,1.74,Enrolled
1,9147,1,116.0,124.8,1,0,1,1,0,20,5,9,2,14.333333333333334,0,5,10,2,12.5,0,7.6,2.6,0.32,Enrolled
44,9003,1,120.0,120.0,0,0,1,1,0,19,6,17,1,11.0,0,6,19,0,0.0,0,16.2,0.3,-0.92,Enrolled
39,9119,1,130.0,134.0,0,0,1,1,1,24,5,8,5,11.833333333333334,0,5,8,4,14.0,0,12.7,3.7,-1.7,Enrolled
1,9254,1,133.1,125.0,0,0,1,1,0,21,6,10,5,11.333333333333334,0,6,14,2,11.5,0,12.7,3.7,-1.7,Enrolled
39,9119,1,133.1,123.0,0,0,1,1,1,28,5,16,3,14.333333333333334,0,5,9,5,12.428571428571429,0,9.4,-0.8,-3.12,Enrolled
51,9085,1,120.0,125.0,0,0,1,0,0,28,6,8,6,14.428571428571429,0,6,12,4,15.6,0,11.1,0.6,2.02,Enrolled
44,9085,1,130.0,130.0,1,0,1,0,0,20,6,13,5,11.8,0,6,19,4,12.0,0,12.4,0.5,1.79,Enrolled
1,9853,1,122.0,112.6,1,0,1,0,0,23,6,8,5,13.6,0,6,8,5,11.6,0,7.6,2.6,0.32,Enrolled
44,9085,1,160.0,160.0,1,0,1,0,0,23,6,12,4,13.4,1,6,17,2,13.5,0,12.4,0.5,1.79,Enrolled
43,9556,1,126.0,100.0,0,0,1,0,0,25,7,10,3,13.0,1,8,10,3,11.666666666666666,4,10.8,1.4,1.74,Enrolled
1,9500,1,106.0,106.4,1,0,1,0,1,19,7,9,5,13.34,0,7,9,6,12.385714285714286,0,12.4,0.5,1.79,Enrolled
44,9003,1,150.0,150.0,0,0,1,1,1,20,6,18,3,12.0,0,6,17,3,11.666666666666666,0,15.5,2.8,-4.06,Enrolled
44,9003,1,130.0,130.0,0,0,1,1,0,19,6,8,5,11.5,0,6,11,6,11.333333333333334,0,12.4,0.5,1.79,Enrolled
43,9500,1,125.0,123.6,1,0,1,0,1,18,7,8,5,12.86,0,7,8,5,12.86,0,7.6,2.6,0.32,Enrolled
1,9500,1,131.0,126.1,1,0,1,0,0,18,7,8,7,12.59125,0,8,11,7,12.820000000000002,0,15.5,2.8,-4.06,Enrolled
44,9003,1,140.0,120.0,1,0,1,1,0,22,6,13,5,13.0,0,6,13,2,11.5,0,12.4,0.5,1.79,Enrolled
1,9119,1,142.0,129.8,1,0,1,1,0,18,5,5,0,0.0,0,5,6,1,15.0,0,10.8,1.4,1.74,Enrolled
17,9670,1,128.0,135.7,1,0,1,1,0,19,6,7,5,13.2,0,6,10,5,13.25,0,10.8,1.4,1.74,Enrolled
43,9070,1,100.0,108.0,1,0,1,1,0,34,12,12,7,11.428571428571429,4,12,12,7,11.857142857142858,0,7.6,2.6,0.32,Enrolled
1,9254,1,125.0,122.9,0,0,1,1,1,19,6,7,6,11.166666666666666,0,6,12,3,11.666666666666666,0,10.8,1.4,1.74,Enrolled
1,9238,1,125.0,118.7,0,0,1,1,0,20,6,12,4,11.75,0,6,13,3,11.333333333333334,0,15.5,2.8,-4.06,Enrolled
1,9254,1,128.0,120.0,1,0,1,0,1,20,6,6,6,14.5,0,6,7,5,15.0,0,12.4,0.5,1.79,Enrolled
1,9238,1,108.0,107.3,0,0,1,0,1,19,6,12,4,10.4,0,6,11,4,10.75,0,12.4,0.5,1.79,Enrolled
18,9853,1,133.1,106.0,1,1,1,0,0,21,7,7,7,13.0,0,7,8,6,12.5,0,8.9,1.4,3.51,Enrolled
1,9670,1,130.0,124.1,1,0,1,0,0,18,6,6,6,14.166666666666666,0,6,7,6,13.428571428571429,0,8.9,1.4,3.51,Enrolled
1,9500,1,120.0,114.8,1,0,1,0,0,21,7,11,4,13.25,0,7,9,5,13.82,0,11.1,0.6,2.02,Enrolled
17,9070,1,125.0,122.6,1,0,1,1,0,22,6,6,1,11.0,0,6,6,0,0.0,0,9.4,-0.8,-3.12,Enrolled
7,9147,1,120.0,120.0,0,0,1,0,0,33,8,9,5,12.6,2,7,13,5,11.25,0,10.8,1.4,1.74,Enrolled
17,9254,1,127.0,123.5,1,0,1,0,1,20,6,11,4,11.5,0,6,12,3,11.0,0,7.6,2.6,0.32,Enrolled
39,9147,1,140.0,131.8,0,0,1,0,0,35,5,6,4,14.2,0,5,10,4,11.857142857142858,0,10.8,1.4,1.74,Enrolled
1,9238,1,157.0,136.7,1,0,1,0,0,22,6,11,4,12.5,0,6,13,3,13.666666666666666,0,9.4,-0.8,-3.12,Enrolled
17,9773,1,144.0,130.7,1,0,1,0,0,20,6,9,6,11.666666666666666,0,6,8,5,11.6,0,7.6,2.6,0.32,Enrolled
1,9670,1,119.0,119.7,1,0,1,0,0,20,5,6,3,13.0,0,5,7,3,13.0,1,7.6,2.6,0.32,Enrolled
1,171,1,125.0,136.2,1,1,1,1,0,21,12,12,11,11.545454545454543,4,11,18,9,11.7,1,8.9,1.4,3.51,Enrolled
43,9147,1,127.0,124.2,1,0,1,1,0,23,5,6,1,10.0,0,5,5,0,0.0,0,15.5,2.8,-4.06,Enrolled
39,9003,1,140.0,135.4,1,0,1,0,0,24,6,10,5,11.8,0,6,13,4,11.25,0,12.4,0.5,1.79,Enrolled
1,9147,1,126.0,115.2,0,1,1,0,0,19,5,13,1,10.0,0,5,8,2,10.0,0,12.4,0.5,1.79,Enrolled
1,9254,1,123.0,125.1,0,0,1,0,0,19,6,12,4,11.0,0,6,6,4,12.5,0,16.2,0.3,-0.92,Enrolled
1,9254,1,121.0,125.9,1,0,1,0,0,22,6,10,4,10.0,0,6,12,2,13.5,0,9.4,-0.8,-3.12,Enrolled
39,9147,1,120.0,124.6,0,0,1,0,0,36,5,8,3,11.0,0,5,12,4,13.375,0,10.8,1.4,1.74,Enrolled
1,9500,1,103.0,108.3,0,0,1,0,1,20,7,14,0,0.0,0,7,15,0,0.0,0,11.1,0.6,2.02,Enrolled
39,9773,1,133.1,133.0,0,0,1,0,0,40,6,8,5,13.0,0,6,7,5,12.6,0,16.2,0.3,-0.92,Enrolled
5,9147,1,126.0,117.3,1,0,1,0,0,19,5,15,3,10.8,0,5,6,3,10.5,0,13.9,-0.3,0.79,Enrolled
15,9556,1,114.0,114.0,0,0,1,0,0,20,7,14,0,0.0,0,7,12,2,11.666666666666666,0,8.9,1.4,3.51,Enrolled
1,9991,0,140.0,139.0,0,0,1,0,1,38,5,8,5,11.0,0,5,7,5,11.4,0,9.4,-0.8,-3.12,Enrolled
1,171,1,133.1,128.2,1,0,1,1,1,19,12,12,12,13.333333333333334,4,11,15,10,12.818181818181818,0,8.9,1.4,3.51,Enrolled
17,9238,1,130.0,122.0,1,0,1,0,1,21,6,8,1,10.0,0,6,13,5,11.4,0,12.7,3.7,-1.7,Enrolled
17,9500,1,145.0,136.3,1,0,1,0,0,18,8,12,7,12.285714285714286,0,8,12,7,12.285714285714286,0,12.7,3.7,-1.7,Enrolled
43,9070,1,150.0,140.8,0,0,1,0,0,19,6,6,5,12.4,0,6,8,6,12.75,0,10.8,1.4,1.74,Enrolled
42,9003,1,140.0,140.0,0,0,1,0,0,22,6,10,6,12.571428571428571,0,6,12,4,13.666666666666666,0,15.5,2.8,-4.06,Enrolled
17,171,1,146.0,135.5,1,1,1,0,0,22,17,19,12,11.833333333333334,10,17,22,11,11.25,0,11.1,0.6,2.02,Enrolled
43,8014,0,120.0,118.3,0,0,1,0,0,20,6,6,6,12.166666666666666,0,6,7,5,14.0,0,12.7,3.7,-1.7,Enrolled
39,9238,1,133.1,130.0,0,0,1,0,0,31,6,6,6,13.166666666666666,0,6,8,6,13.0,0,9.4,-0.8,-3.12,Enrolled
1,9670,1,143.0,131.8,1,0,1,0,1,18,6,8,6,13.571428571428571,0,6,6,5,12.8,0,12.4,0.5,1.79,Enrolled
1,9085,1,131.0,130.7,0,1,1,0,0,21,5,9,2,11.5,0,5,13,4,11.0,1,10.8,1.4,1.74,Enrolled
17,9254,1,115.0,109.8,1,0,1,0,0,19,6,8,4,11.25,0,6,8,4,12.0,0,10.8,1.4,1.74,Enrolled
39,9500,1,130.0,120.0,1,0,1,0,1,25,8,11,7,13.29,0,8,11,7,13.29,3,9.4,-0.8,-3.12,Enrolled
43,9991,0,140.0,107.8,0,0,1,0,0,33,10,15,8,10.375,7,10,13,9,10.444444444444445,0,7.6,2.6,0.32,Enrolled
43,9556,1,149.0,140.2,1,0,1,0,0,20,7,9,7,12.333333333333334,0,8,8,8,12.625,0,12.7,3.7,-1.7,Enrolled
1,9147,1,125.0,124.0,1,0,1,0,0,19,5,5,5,11.2,0,5,11,4,11.75,0,10.8,1.4,1.74,Enrolled
1,9070,1,128.0,129.8,1,0,1,0,0,20,6,6,6,11.833333333333334,0,6,6,3,13.333333333333334,0,9.4,-0.8,-3.12,Enrolled
1,9085,1,145.0,138.4,1,0,0,0,0,18,6,7,6,14.833333333333334,0,6,8,6,12.5,0,8.9,1.4,3.51,Enrolled
1,9085,1,147.0,133.7,1,0,1,0,1,19,5,10,2,13.5,0,5,11,5,11.4,1,10.8,1.4,1.74,Enrolled
43,9500,1,121.0,115.4,1,0,1,0,1,24,8,8,7,11.971428571428572,0,8,8,7,11.971428571428572,0,12.7,3.7,-1.7,Enrolled
1,9085,1,134.0,129.1,0,0,1,0,0,19,5,7,3,12.0,0,5,7,4,13.5,0,7.6,2.6,0.32,Enrolled
44,9085,1,140.0,140.0,1,0,1,0,0,21,12,18,8,12.25,4,12,27,8,12.2,0,12.4,0.5,1.79,Enrolled
1,9254,1,118.0,114.2,0,0,1,0,0,18,6,10,5,12.2,0,6,10,5,11.6,0,16.2,0.3,-0.92,Enrolled
39,9556,1,130.0,113.3,0,0,1,0,0,24,7,15,5,12.4,0,8,14,7,12.15,0,12.4,0.5,1.79,Enrolled
43,9556,1,128.0,123.5,1,0,1,0,0,22,7,14,6,10.744444444444444,0,8,10,8,11.8375,0,12.7,3.7,-1.7,Enrolled
39,9085,1,140.0,154.6,0,0,0,0,1,44,6,12,4,12.75,0,6,15,2,10.0,0,8.9,1.4,3.51,Enrolled
1,9147,1,117.0,120.2,1,0,1,0,0,20,5,9,2,10.0,0,5,10,2,11.0,0,7.6,2.6,0.32,Enrolled
1,171,1,135.0,143.8,1,1,1,0,0,19,0,0,0,0.0,0,0,0,0,0.0,0,12.7,3.7,-1.7,Enrolled
1,9500,1,131.0,118.0,1,0,1,0,1,18,8,8,7,13.242857142857144,0,8,8,7,13.242857142857144,0,12.7,3.7,-1.7,Enrolled
17,9254,1,118.0,110.3,1,0,0,0,0,18,6,7,5,12.6,0,6,6,5,11.8,0,11.1,0.6,2.02,Enrolled
18,9991,0,133.1,145.0,0,0,1,0,1,21,5,6,4,12.25,0,5,8,4,11.8,0,10.8,1.4,1.74,Enrolled
18,9853,1,110.0,110.0,1,0,1,0,0,20,6,10,4,12.75,0,6,14,3,11.333333333333334,0,10.8,1.4,1.74,Enrolled
1,9238,1,135.0,121.7,1,0,1,0,1,18,6,14,0,0.0,0,6,9,4,11.0,0,7.6,2.6,0.32,Enrolled
43,9147,1,131.0,123.7,1,0,1,0,0,18,5,10,1,14.0,0,5,10,1,14.0,0,7.6,2.6,0.32,Enrolled
39,9085,1,133.1,148.2,1,1,1,0,0,27,6,11,6,12.125,0,6,16,5,12.0,0,12.4,0.5,1.79,Enrolled
17,9853,1,127.0,121.8,1,1,1,0,0,18,6,12,4,13.5,0,6,14,3,10.666666666666666,0,10.8,1.4,1.74,Enrolled
1,9991,0,131.0,118.4,1,0,1,0,0,20,5,10,0,0.0,0,5,10,0,0.0,3,7.6,2.6,0.32,Enrolled
17,9085,1,138.0,123.3,1,0,1,0,0,19,5,15,3,14.0,0,5,10,4,11.75,1,9.4,-0.8,-3.12,Enrolled
44,9085,1,140.0,140.0,1,0,1,0,0,20,6,9,6,12.666666666666666,1,6,10,4,11.5,0,13.9,-0.3,0.79,Enrolled
17,9853,1,150.0,132.5,1,0,1,0,0,22,6,9,4,12.25,0,6,8,5,11.6,0,10.8,1.4,1.74,Enrolled
5,9853,1,119.0,118.3,1,0,1,0,0,22,6,11,3,15.0,0,6,11,4,10.25,0,9.4,-0.8,-3.12,Enrolled
17,171,1,125.0,143.9,1,0,1,0,0,20,0,0,0,0.0,0,0,0,0,0.0,0,15.5,2.8,-4.06,Enrolled
17,9773,1,135.0,135.0,0,0,1,0,0,18,6,6,6,13.5,0,6,6,6,13.333333333333334,0,12.4,0.5,1.79,Enrolled
39,8014,0,133.1,134.5,0,0,1,0,0,45,6,8,5,13.6,0,6,7,5,13.0,0,15.5,2.8,-4.06,Enrolled
39,9991,0,140.0,130.0,0,1,1,0,0,25,5,10,4,11.25,0,5,9,4,12.0,0,12.7,3.7,-1.7,Enrolled
1,9147,1,113.0,107.4,1,0,1,1,0,20,5,12,3,10.5,0,5,10,4,11.25,0,12.4,0.5,1.79,Enrolled
1,9238,1,133.1,100.0,1,0,1,1,0,22,6,6,4,11.25,0,6,7,3,11.0,0,8.9,1.4,3.51,Enrolled
1,9500,1,127.0,121.5,1,0,1,1,0,20,7,7,6,13.016666666666666,0,7,7,6,13.016666666666666,0,7.6,2.6,0.32,Enrolled
1,9070,1,132.0,136.6,1,0,1,0,0,18,6,10,6,11.714285714285714,0,6,15,6,10.375,0,13.9,-0.3,0.79,Enrolled
17,9670,1,115.0,117.1,0,0,1,0,0,21,5,7,3,12.666666666666666,0,5,6,4,12.75,1,7.6,2.6,0.32,Enrolled
44,171,1,140.0,140.0,0,0,1,1,0,21,0,0,0,0.0,0,0,0,0,0.0,0,15.5,2.8,-4.06,Enrolled
17,9070,1,142.0,141.0,1,0,1,1,0,18,6,6,6,13.0,0,6,8,1,10.0,0,10.8,1.4,1.74,Enrolled
17,9085,1,123.0,118.9,0,0,1,1,0,18,5,5,3,14.0,0,5,7,3,12.666666666666666,0,7.6,2.6,0.32,Enrolled
1,9254,1,131.0,134.5,1,0,1,1,0,25,6,8,6,13.166666666666666,0,6,8,5,12.6,0,7.6,2.6,0.32,Enrolled
17,9119,1,141.0,133.0,1,0,1,1,0,18,5,10,4,13.0,0,5,10,3,12.333333333333334,3,7.6,2.6,0.32,Enrolled
1,9085,1,133.1,105.0,1,0,1,1,0,21,6,15,3,11.25,0,6,9,0,0.0,0,12.4,0.5,1.79,Enrolled
39,9556,1,130.0,110.0,0,0,1,1,1,24,7,13,6,10.857142857142858,0,7,7,7,11.857142857142858,0,12.7,3.7,-1.7,Enrolled
1,9147,1,134.0,134.7,0,0,1,1,0,22,5,10,4,11.75,0,5,10,3,11.0,0,7.6,2.6,0.32,Enrolled
39,9003,1,130.0,120.0,1,0,1,1,0,28,13,19,8,11.625,5,10,17,6,11.0,0,15.5,2.8,-4.06,Enrolled
1,9119,1,135.0,123.5,1,0,1,1,0,18,5,10,0,0.0,0,5,10,1,10.0,3,7.6,2.6,0.32,Enrolled
15,9147,1,135.0,135.0,0,1,1,1,0,21,5,9,3,12.333333333333334,0,5,8,4,11.25,0,8.9,1.4,3.51,Enrolled
39,9991,0,147.0,147.9,0,0,1,0,0,28,5,8,4,11.5,0,5,7,4,12.0,0,10.8,1.4,1.74,Enrolled
1,9147,1,123.0,118.8,1,0,1,0,0,21,5,9,3,10.666666666666666,0,5,13,2,12.5,0,7.6,2.6,0.32,Enrolled
1,9773,1,129.0,117.1,1,0,1,0,0,20,6,12,1,17.0,0,6,12,1,17.0,0,9.4,-0.8,-3.12,Enrolled
1,9670,1,131.0,127.2,0,0,1,0,1,18,5,7,3,12.666666666666666,0,5,5,4,12.5,0,9.4,-0.8,-3.12,Enrolled
17,9500,1,140.0,128.5,1,0,1,0,0,18,7,9,5,14.06,0,7,9,6,12.571428571428571,0,12.4,0.5,1.79,Enrolled
39,9991,0,150.0,146.2,0,0,1,0,0,30,5,11,3,10.333333333333334,0,5,10,4,12.8,0,12.4,0.5,1.79,Enrolled
17,9238,1,132.0,123.6,1,0,1,0,0,18,6,9,4,11.5,0,6,10,4,10.75,0,7.6,2.6,0.32,Enrolled
1,9500,1,136.0,120.0,1,0,1,1,0,18,7,8,6,11.833333333333334,0,7,8,6,11.833333333333334,0,7.6,2.6,0.32,Enrolled
1,9238,1,124.0,121.2,0,0,1,0,0,19,6,12,2,13.0,0,6,9,6,10.833333333333334,0,7.6,2.6,0.32,Enrolled
1,9238,1,145.0,121.4,0,0,1,0,0,20,6,13,0,0.0,0,5,11,0,0.0,0,9.4,-0.8,-3.12,Enrolled
7,9500,1,130.0,130.0,0,0,1,0,0,32,7,9,7,13.761111111111113,1,8,11,7,12.06375,0,15.5,2.8,-4.06,Enrolled
1,9147,1,151.0,138.4,0,0,1,0,0,18,5,6,4,11.25,0,5,8,5,11.0,0,10.8,1.4,1.74,Enrolled
5,9853,1,116.0,110.4,1,0,1,0,0,21,6,9,5,12.6,0,6,9,3,11.666666666666666,0,9.4,-0.8,-3.12,Enrolled
18,9853,1,168.0,126.8,1,0,1,1,0,18,6,7,5,12.6,0,6,6,6,13.0,0,10.8,1.4,1.74,Enrolled
1,9070,1,145.0,127.5,1,0,1,1,0,20,6,6,4,12.0,0,6,8,2,11.333333333333334,0,10.8,1.4,1.74,Enrolled
43,9070,1,125.0,133.4,1,0,1,1,1,19,6,6,4,13.0,2,6,7,5,12.2,0,13.9,-0.3,0.79,Enrolled
43,33,1,143.0,121.2,1,0,1,1,0,25,10,13,5,11.6,2,8,10,2,13.0,0,12.4,0.5,1.79,Enrolled
